date,close,trde_prica,indiv,frgn,orgn,fin_invt,insur,invtrt,etc_fin,bank,pension,pe_fund,natn,etc_corp,natfor
2025-11-03,58900,223.4,-2.4,57.7,-55.8,-62.2,-0.3,5.4,0.0,0.0,1.9,-0.6,0.0,0.7,-0.2
2025-11-04,59000,266.5,-35.4,19.5,14.7,11.9,-0.2,4.3,0.0,0.0,0.3,-1.6,0.0,1.2,0.1
2025-11-05,56000,296.8,5.0,-57.2,55.4,73.8,-10.0,-4.2,0.0,0.0,-1.9,-2.4,0.0,-3.1,-0.1
2025-11-06,55600,221.0,-5.9,63.6,-57.9,23.3,-1.7,-78.9,-0.0,0.0,2.4,-2.9,0.0,0.1,0.1
2025-11-07,53400,190.1,19.8,-27.8,7.1,10.5,-0.1,-4.1,0.0,0.0,3.2,-2.5,0.0,0.8,0.1
2025-11-10,61800,1939.8,-208.5,192.0,19.7,8.9,-0.8,6.3,0.0,0.0,1.4,3.9,0.0,-2.7,-0.4
2025-11-11,69100,3549.3,-302.4,274.8,59.5,-9.1,1.9,27.0,-0.1,0.0,17.9,21.9,0.0,-32.4,0.5
2025-11-12,71500,1204.9,-183.6,168.9,13.3,31.8,0.8,11.8,0.0,0.0,7.7,-38.8,0.0,0.3,1.2
2025-11-13,67500,846.5,134.5,12.0,-148.3,17.0,7.3,-8.2,0.0,0.0,-58.9,-105.5,0.0,3.1,-1.3
2025-11-14,67600,783.7,-128.7,52.5,78.2,61.0,0.8,-26.2,0.5,0.2,32.8,9.1,0.0,-1.6,-0.5
2025-11-17,70400,1213.0,-49.4,24.6,10.4,23.9,0.6,63.3,-0.0,0.0,-4.8,-72.6,0.0,14.4,-0.0
2025-11-18,67500,450.7,-5.0,34.0,-24.7,31.8,0.8,-33.2,0.0,0.0,5.5,-29.7,0.0,-3.7,-0.5
2025-11-19,65700,319.4,-17.8,52.7,-34.2,12.5,1.8,-53.1,-0.1,0.0,1.9,2.9,0.0,-0.8,0.1
2025-11-20,66400,306.1,-1.5,-28.2,28.5,21.4,0.2,4.6,0.0,0.0,1.2,1.1,0.0,1.4,-0.2
2025-11-21,61900,332.9,-2.2,28.6,-29.5,48.3,-4.8,-50.0,0.0,0.0,-4.9,-18.0,0.0,2.5,0.6
2025-11-24,60800,220.3,-6.5,24.7,-18.4,-2.5,0.0,-3.1,0.0,0.0,1.1,-13.8,0.0,0.7,-0.5
2025-11-25,61900,164.3,-7.8,5.7,0.4,4.7,0.1,-6.0,0.0,0.0,-0.5,2.2,0.0,1.6,0.1
2025-11-26,61900,175.8,28.4,-7.4,-23.4,4.1,-3.7,-0.8,0.0,0.0,-21.6,-1.2,0.0,2.3,0.0
2025-11-27,63600,248.4,-25.7,-57.9,86.2,23.0,0.1,51.4,0.0,0.0,-4.6,16.3,0.0,-2.3,-0.2
2025-11-28,63600,215.1,2.4,-38.0,38.7,8.9,0.0,34.2,0.0,0.0,-0.9,-3.5,0.0,-2.8,-0.3
2025-12-01,64500,304.2,3.2,0.8,-3.4,-4.4,-0.1,7.1,0.0,0.0,-2.0,-4.1,0.0,-0.7,0.1
2025-12-02,65000,168.2,-11.2,7.9,4.6,1.5,-1.0,2.8,0.0,0.0,2.7,-1.4,0.0,-1.2,-0.1
2025-12-03,65600,192.7,-36.7,43.9,-7.0,-11.8,3.0,3.9,0.0,0.0,0.0,-2.1,0.0,-0.3,0.1
2025-12-04,64400,232.2,11.2,30.1,-42.1,13.9,-3.3,-29.4,0.0,0.0,-9.3,-14.0,0.0,0.9,0.0
2025-12-05,64800,132.4,-18.0,14.2,4.2,-2.7,-0.0,-3.7,0.0,0.0,11.8,-1.3,0.0,-0.4,0.0
2025-12-08,66100,203.5,-32.2,11.5,24.1,-17.8,-0.0,44.6,0.0,0.0,1.4,-4.0,0.0,-3.5,0.1
2025-12-09,64900,219.1,44.5,-34.2,-11.2,1.2,-0.1,-11.1,0.0,0.0,-1.7,0.6,0.0,0.9,0.0
2025-12-10,66200,308.7,-44.6,33.0,8.2,-11.3,-1.4,13.8,0.0,0.0,2.4,4.7,0.0,3.4,0.0
2025-12-11,66500,264.1,-37.4,-18.1,46.2,9.7,7.4,6.8,0.0,0.0,22.4,-0.1,0.0,8.6,0.8
2025-12-12,67600,260.1,-53.8,-4.3,64.4,7.7,1.0,14.9,0.0,0.0,32.2,8.7,0.0,-5.8,-0.5
2025-12-15,65400,178.7,19.1,-50.6,18.9,18.8,-0.4,-6.3,0.0,0.0,-2.9,9.6,0.0,12.5,0.1
2025-12-16,65300,562.5,-42.3,-8.2,54.2,21.5,1.7,18.4,0.0,0.0,20.7,-8.0,0.0,-3.7,0.0
2025-12-17,65500,155.5,7.9,-5.5,-1.8,8.8,-0.0,-9.2,0.0,0.0,0.1,-1.5,0.0,-0.6,0.1
2025-12-18,64000,192.7,9.6,19.8,-29.4,-15.0,-0.0,-12.2,0.0,0.0,0.0,-2.2,0.0,0.3,-0.3
2025-12-19,65300,215.3,-37.6,-30.9,68.9,11.3,-0.6,7.6,0.0,0.0,46.7,3.9,0.0,-0.3,-0.1
2025-12-22,68300,275.2,-98.5,69.8,48.4,27.8,0.1,-0.3,0.0,0.2,13.3,7.3,0.0,-19.3,-0.5
2025-12-23,69400,300.9,-67.9,51.4,39.4,34.1,1.5,-0.8,0.0,0.0,0.0,4.6,0.0,-22.8,0.0
2025-12-24,68500,129.3,3.6,-7.0,9.6,12.8,5.2,-8.4,0.0,0.0,0.0,0.1,0.0,-5.7,-0.5
2025-12-26,67300,214.9,-5.9,2.6,7.1,-0.4,-0.0,10.2,0.0,0.0,1.4,-4.2,0.0,-4.2,0.4
2025-12-29,67100,239.2,55.4,60.3,-115.8,-74.5,-0.0,-45.4,0.0,0.0,0.0,4.2,0.0,0.1,0.0
2025-12-30,67600,206.7,-5.6,46.0,-37.3,-13.6,1.9,-26.0,-0.0,0.0,0.3,0.1,0.0,-3.0,-0.1
2026-01-02,73700,485.5,-169.7,79.8,108.7,2.8,1.2,82.0,0.0,0.1,22.7,-0.0,0.0,-19.4,0.6
2026-01-05,75200,445.1,-40.5,-21.6,66.5,102.7,-1.1,24.3,0.0,0.0,1.2,-60.6,0.0,-4.5,0.1
2026-01-06,75200,318.9,-48.5,-27.9,79.5,101.4,1.5,-4.9,0.0,0.0,-2.0,-16.5,0.0,-2.2,-1.0
2026-01-07,74200,320.0,-10.1,0.4,7.8,62.4,-0.3,-37.4,0.0,0.0,10.1,-26.9,0.0,1.8,0.1
2026-01-08,71700,261.7,-23.3,11.6,12.4,76.3,-1.4,-46.0,0.0,0.0,-10.8,-5.7,0.0,-0.8,0.0
2026-01-09,71900,212.1,-33.8,-78.5,112.8,111.4,-4.0,4.6,0.0,-0.3,0.1,1.0,0.0,-0.6,0.1
2026-01-12,74000,210.9,-73.3,2.8,73.0,42.6,2.1,2.6,0.0,0.0,10.7,15.0,0.0,-2.3,-0.2
2026-01-13,76400,327.5,-79.0,-9.5,89.6,77.6,0.3,-0.8,0.0,0.0,26.4,-13.8,0.0,-0.4,-0.8
2026-01-14,81900,751.8,-145.8,32.4,109.7,51.5,1.9,42.9,0.0,0.0,34.1,-20.8,0.0,3.7,0.0
2026-01-15,81900,236.0,-36.9,-37.2,73.8,53.5,-0.6,18.0,0.0,0.0,7.1,-4.2,0.0,0.5,-0.2
2026-01-16,85200,617.1,-34.8,-38.1,70.9,17.4,-0.2,82.1,0.0,0.0,19.3,-47.8,0.0,2.0,-0.0
2026-01-19,85700,302.6,-20.0,32.5,-15.3,-0.2,0.3,9.0,0.0,0.5,15.4,-40.4,0.0,2.6,0.2
2026-01-20,84700,228.3,-30.3,11.8,17.1,28.5,-2.3,-11.7,0.0,0.0,-8.0,10.6,0.0,1.4,0.0
2026-01-21,90300,722.5,-150.6,105.9,42.3,-22.4,1.9,74.2,0.0,-0.0,33.6,-44.9,0.0,2.6,-0.2
2026-01-22,93100,816.9,2.2,53.8,-57.5,-34.0,-2.0,78.7,0.0,-0.0,-16.4,-83.8,0.0,2.2,-0.7
2026-01-23,91000,505.0,61.8,54.8,-105.9,-17.1,-5.8,-42.9,0.0,-0.0,-19.6,-20.4,0.0,-10.5,-0.1
2026-01-26,90700,384.4,1.0,64.0,-64.7,-86.2,-1.4,-11.0,0.0,-0.0,12.3,21.5,0.0,-0.2,-0.0
2026-01-27,95600,558.3,-19.2,77.4,-59.6,-100.2,0.4,26.8,0.5,0.0,3.2,9.7,0.0,2.4,-1.1
2026-01-28,104700,825.0,-52.4,-54.1,105.8,61.4,-0.6,101.6,0.0,-0.0,3.6,-60.2,0.0,1.0,-0.2
2026-01-29,101100,691.3,32.0,-153.7,122.1,173.3,-7.6,32.1,-0.2,-0.0,-42.3,-33.0,0.0,-0.6,0.1
2026-01-30,105800,809.4,-144.5,-71.5,219.4,223.7,-1.1,-26.5,-0.2,0.0,21.5,2.0,0.0,-2.7,-0.7
2026-02-02,103000,827.4,-99.5,-120.5,223.0,303.0,-0.2,-38.7,0.0,0.0,20.2,-61.3,0.0,-3.3,0.3
2026-02-03,112900,607.0,-87.7,-182.8,265.4,167.7,-0.9,70.2,1.1,0.0,-8.7,36.0,0.0,5.2,-0.0
2026-02-04,110800,565.2,107.5,-186.5,77.7,217.8,-3.4,2.5,0.2,0.0,-127.6,-11.8,0.0,1.1,0.2
2026-02-05,104400,668.5,35.9,-90.3,55.1,216.5,-5.0,-22.9,0.2,0.0,-72.1,-61.6,0.0,-0.6,-0.1
2026-02-06,103000,540.5,-61.6,-67.4,130.7,123.9,-10.9,47.2,0.0,0.0,-9.3,-20.3,0.0,-1.7,0.1
2026-02-09,99000,762.0,131.9,-132.1,-6.2,21.0,-5.3,0.9,0.0,0.0,-15.1,-7.7,0.0,6.0,0.4
2026-02-10,96800,304.4,-6.7,75.8,-69.5,14.7,-4.3,-28.3,0.0,0.0,-30.3,-21.3,0.0,0.4,-0.1
2026-02-11,93800,253.2,-25.6,39.4,-11.7,22.4,-2.5,-6.6,0.0,0.0,-11.9,-13.2,0.0,-2.2,0.1
2026-02-12,94800,341.0,40.3,-8.0,-45.2,-35.7,-5.0,19.9,0.0,0.0,-9.9,-14.6,0.0,12.8,0.0
2026-02-13,93000,239.5,35.4,30.6,-83.1,-28.3,-0.1,-30.0,0.0,0.0,-2.7,-22.0,0.0,18.1,-0.9
2026-02-19,91400,485.2,36.4,102.6,-173.9,-74.9,-3.6,-16.1,0.0,0.0,-66.5,-12.8,0.0,35.1,-0.2
2026-02-20,93000,376.6,-5.1,50.3,-82.7,-48.6,-0.8,-6.4,0.3,0.0,-31.1,3.8,0.0,37.2,0.2
2026-02-23,93000,281.5,8.3,11.7,-19.6,-4.2,-0.4,-0.0,-0.4,0.0,-5.1,-9.5,0.0,-0.4,-0.1
2026-02-24,91400,344.8,57.0,-13.7,-41.1,2.1,-0.1,-11.2,0.0,0.0,-7.9,-24.0,0.0,-2.1,-0.0
2026-02-25,90900,307.4,76.6,-94.9,17.8,25.4,-1.9,2.7,0.0,0.0,-1.3,-7.0,0.0,0.1,0.4
2026-02-26,94000,524.5,-48.1,-69.4,119.7,114.8,-0.3,10.5,0.0,0.0,0.0,-5.3,0.0,-1.8,-0.4
2026-02-27,95700,529.8,-72.6,-144.6,216.7,256.6,-0.3,2.8,0.0,0.0,-32.6,-9.9,0.0,1.4,-0.8
2026-03-03,90500,674.3,-107.6,-54.8,165.7,199.5,0.3,-30.7,0.4,0.0,3.4,-7.2,0.0,-1.6,-1.6
2026-03-04,77300,594.7,-62.7,20.6,45.8,108.6,0.2,-55.0,-1.1,0.0,-3.5,-3.3,0.0,-3.5,-0.2
2026-03-05,95000,485.6,-119.7,-83.9,204.1,127.4,0.9,35.4,0.0,0.0,44.7,-4.2,0.0,-0.6,0.0
2026-03-06,90000,428.0,133.2,-162.8,29.0,47.1,0.5,-6.6,0.0,0.0,-7.3,-4.6,0.0,0.3,0.2
2026-03-09,83200,393.1,5.4,-9.8,6.5,115.4,-2.3,-76.8,0.0,0.0,-26.6,-3.2,0.0,-2.1,0.0
2026-03-10,87700,313.2,-10.6,16.1,-7.7,13.6,-4.0,29.7,0.0,0.0,-20.9,-26.1,0.0,2.3,-0.1
2026-03-11,85000,221.9,69.6,-57.2,-12.9,21.1,-1.1,-6.2,0.0,-0.1,-23.1,-3.5,0.0,0.5,0.1
2026-03-12,85900,209.0,4.5,-42.1,37.3,70.5,-0.0,-13.6,0.0,0.0,0.3,-19.9,0.0,0.3,0.0
2026-03-13,86500,191.5,-16.0,-86.1,102.6,59.1,7.2,19.1,0.0,0.0,16.5,0.7,0.0,-0.4,-0.1
2026-03-16,87900,304.9,28.5,-97.6,69.7,21.9,5.8,6.8,-0.0,0.0,34.9,0.3,0.0,-0.9,0.3
2026-03-17,85700,220.1,86.6,-119.5,32.5,16.6,3.4,7.9,0.0,0.0,1.9,2.6,0.0,0.4,0.0
2026-03-18,87900,332.0,45.6,16.3,-60.5,-72.4,-2.1,14.1,0.0,0.0,2.0,-2.0,0.0,-1.6,0.2
2026-03-19,87900,293.3,-82.8,-39.4,121.5,116.1,2.8,-14.6,0.0,0.0,20.8,-3.5,0.0,0.3,0.4
2026-03-20,88100,291.2,10.2,-89.6,82.1,78.7,1.1,2.2,0.0,0.0,2.2,-2.1,0.0,-2.6,-0.1
2026-03-23,83500,314.5,-10.3,-92.1,96.0,107.9,0.0,-20.3,0.0,0.0,9.6,-1.1,0.0,6.3,0.1
2026-03-24,83400,212.7,22.8,-58.0,34.1,32.2,-0.0,4.9,-0.2,0.0,-0.7,-2.1,0.0,0.9,0.1
2026-03-25,82400,276.7,94.7,-2.7,-92.3,-22.1,-2.8,-18.4,0.0,-0.2,-11.5,-37.3,0.0,0.4,-0.0
2026-03-26,77900,333.5,11.7,31.3,-42.7,46.2,-0.0,-48.8,0.0,0.0,-23.1,-16.9,0.0,-0.6,0.4
2026-03-27,83800,359.5,-100.4,39.3,62.6,72.5,-1.8,-3.0,0.0,0.0,1.2,-6.4,0.0,-1.1,-0.4
2026-03-30,80800,282.1,24.2,-53.9,28.5,28.6,1.0,-6.0,0.0,0.0,-3.0,8.0,0.0,1.2,-0.0
2026-03-31,78500,299.4,41.0,-37.6,-2.8,12.8,-0.1,-13.0,0.0,0.0,-3.9,1.4,0.0,-0.2,-0.4
2026-04-01,86100,359.8,4.3,-121.9,117.4,17.0,1.8,82.8,0.0,0.0,12.4,3.5,0.0,0.4,-0.2
2026-04-02,83300,402.2,67.4,-44.7,-26.1,11.9,5.5,-43.7,0.0,0.0,-11.2,11.4,0.0,3.4,-0.1
2026-04-03,90600,384.6,-45.3,-112.2,159.4,16.9,0.3,69.2,-0.8,0.0,12.4,61.4,0.0,-1.1,-0.8
2026-04-06,91600,337.4,5.3,-119.3,111.7,3.2,3.2,41.3,-0.0,0.0,24.6,39.3,0.0,2.2,0.2
2026-04-07,87800,417.3,239.5,-262.5,17.0,-12.9,1.2,11.2,0.0,0.0,2.8,14.6,0.0,5.5,0.5
2026-04-08,94400,517.4,77.8,-89.4,11.0,-65.2,-0.4,58.9,-0.0,0.0,0.0,17.7,0.0,0.6,-0.0
2026-04-09,92600,273.5,12.6,-59.1,46.5,28.0,-0.2,-0.6,-0.2,0.0,13.0,6.5,0.0,-0.2,0.2
2026-04-10,94800,454.9,-43.2,-139.1,182.1,-48.4,2.9,199.8,0.0,0.0,-5.8,33.5,0.0,0.0,0.1
2026-04-13,96500,261.1,54.4,-27.9,-26.2,-2.7,0.0,-11.8,0.0,0.0,-14.5,2.8,0.0,0.2,-0.4
2026-04-14,96700,337.8,29.2,-14.4,-24.6,-24.8,-1.2,-3.5,-0.1,0.0,9.2,-4.1,0.0,10.2,-0.5
2026-04-15,98600,636.7,15.4,0.8,-16.4,-30.2,-0.5,-3.4,0.0,0.0,13.8,3.7,0.0,-0.3,0.5
2026-04-16,103500,683.9,25.1,-123.2,96.2,98.1,-0.1,10.6,0.0,0.0,3.7,-16.1,0.0,0.7,1.2
2026-04-17,106900,420.4,32.2,-52.2,17.7,23.9,-0.1,14.0,-0.1,0.0,-17.0,-3.1,0.0,1.5,0.8
2026-04-20,126700,1660.9,-110.5,-17.9,129.2,-34.1,10.4,144.6,0.3,0.2,23.7,-15.9,0.0,-6.2,5.4
2026-04-21,122000,869.1,121.6,-167.8,50.4,43.2,0.4,30.8,-0.1,0.0,-16.6,-7.3,0.0,0.6,-4.8
2026-04-22,127900,820.9,11.9,-142.2,131.0,72.8,3.5,23.7,-0.1,0.0,44.5,-13.4,0.0,-1.1,0.4
2026-04-23,137400,1420.9,-18.4,-107.2,140.1,55.4,-2.4,56.2,0.0,0.0,-1.7,32.7,0.0,-20.5,6.0
2026-04-24,152000,1622.0,241.7,-260.5,20.4,73.5,-9.3,37.6,0.3,0.5,11.4,-93.6,0.0,2.0,-3.6
2026-04-27,159000,1039.3,69.3,-262.8,182.9,61.6,0.9,142.8,-1.2,0.4,-10.6,-10.9,0.0,15.5,-4.9
2026-04-28,154700,739.7,25.7,-204.0,173.7,126.0,0.9,34.6,0.0,-0.0,-21.2,33.3,0.0,-0.3,4.9
2026-04-29,152600,962.2,-100.2,-103.2,198.7,169.7,0.2,12.8,0.0,0.0,-15.8,31.8,0.0,5.0,-0.3
2026-04-30,158500,926.1,28.9,-142.9,103.4,31.1,-0.2,87.8,0.0,-0.7,11.1,-25.6,0.0,12.7,-2.2
2026-05-04,161700,907.7,244.4,-247.6,-2.1,-35.5,2.6,36.5,0.0,-0.4,10.2,-15.6,0.0,6.2,-1.0
2026-05-06,162000,2002.7,333.0,-218.8,-113.7,-224.5,0.8,95.3,0.0,0.0,25.4,-10.7,0.0,-1.4,0.9
2026-05-07,157500,1210.8,45.9,-31.9,-13.2,182.4,-4.8,-46.5,-0.1,-0.1,-17.6,-126.4,0.0,-0.9,0.1
2026-05-08,168100,1455.8,-146.8,-100.4,248.2,288.8,0.7,2.9,0.0,0.0,2.4,-46.5,0.0,-0.6,-0.4
2026-05-11,186700,2417.3,-93.8,-164.9,239.2,215.5,-2.5,106.4,2.1,0.9,-17.8,-65.4,0.0,-0.5,20.0
2026-05-12,165800,1973.4,187.0,-78.8,-67.8,331.0,0.9,-209.6,0.0,-2.8,-35.9,-151.4,0.0,-20.5,-19.9
2026-05-13,185600,1693.0,-505.4,-66.9,571.7,282.9,0.3,231.7,0.1,0.0,9.8,47.0,0.0,-0.7,1.2
2026-05-14,182800,839.9,-69.6,-107.6,177.1,189.8,10.7,-28.6,0.0,0.0,21.0,-15.7,0.0,1.4,-1.3
2026-05-15,163500,1421.3,-35.0,76.6,-70.5,192.0,-1.3,-197.4,-0.1,0.0,-46.4,-17.2,0.0,-2.0,31.0
2026-05-18,170900,1221.3,-92.3,-379.1,504.7,9.7,7.4,94.8,0.0,0.0,410.1,-17.3,0.0,-0.8,-32.5
2026-05-19,157300,628.6,37.8,-65.9,30.7,33.4,4.0,-63.9,-0.2,0.0,62.2,-4.8,0.0,-1.8,-0.8
2026-05-20,162000,823.9,-24.8,-45.1,96.8,49.3,-4.4,-15.2,0.0,0.0,91.8,-24.7,0.0,-26.4,-0.6
2026-05-21,181000,872.2,-116.3,-163.3,276.6,121.0,-0.5,146.9,-0.2,0.0,-2.6,12.0,0.0,2.6,0.3
2026-05-22,181100,729.1,-74.7,16.7,58.5,-120.9,5.2,117.4,0.0,0.0,29.5,27.2,0.0,0.1,-0.6
2026-05-26,220500,2616.6,-67.9,317.2,-288.8,-515.1,11.2,100.2,0.1,1.7,239.7,-126.5,0.0,25.5,13.9
2026-05-27,202000,2367.5,504.5,454.6,-994.9,-791.2,-3.9,-109.0,0.1,0.0,-88.0,-2.9,0.0,28.4,7.5
2026-05-28,194300,1111.5,68.4,323.5,-423.3,-277.3,-2.0,-139.7,-0.0,0.5,-24.5,19.6,0.0,9.6,21.8
2026-05-29,185500,1876.8,263.4,355.6,-628.5,-565.1,-0.9,54.6,-1.5,0.0,-45.1,-70.7,0.0,6.8,2.8
2026-06-01,181400,1416.2,-7.2,394.0,-384.6,-304.7,-10.2,-88.3,-0.1,-0.5,-3.5,22.8,0.0,-2.0,-0.3
2026-06-02,170100,1050.5,-85.5,283.2,-196.2,-62.5,-2.8,-124.2,0.0,0.0,10.7,-17.3,0.0,-4.0,2.4
2026-06-04,176400,1416.1,-112.8,-163.8,315.4,-24.0,7.5,157.3,-0.0,0.0,102.0,72.6,0.0,3.5,-42.2
2026-06-05,173800,926.4,-123.4,-94.6,205.4,90.7,0.8,93.5,0.0,0.0,18.8,1.6,0.0,-0.2,12.8
2026-06-08,158800,925.3,-37.7,-87.4,128.0,157.6,-3.8,-55.9,0.0,-0.4,14.6,15.9,0.0,-0.1,-2.7
2026-06-09,170300,768.1,-29.3,-6.8,43.0,-19.1,1.6,5.9,0.0,0.0,41.4,13.2,0.0,3.7,-10.5
2026-06-10,153700,1056.1,62.0,193.7,-300.4,41.7,-7.1,-198.7,0.0,0.0,-1.0,-135.3,0.0,3.4,41.4
2026-06-11,155200,2919.0,-194.9,-1000.9,1212.1,213.5,75.5,906.3,0.0,0.5,1.1,15.3,0.0,-2.9,-13.4
2026-06-12,174300,4402.6,-294.6,-1271.6,1590.1,-556.4,-4.5,2021.4,0.0,0.0,30.4,99.1,0.0,6.7,-30.5
2026-06-15,161200,1029.7,343.6,-106.0,-241.4,-0.8,-2.6,-175.3,0.0,-3.6,-22.4,-36.7,0.0,3.9,-0.1
2026-06-16,158000,832.1,109.5,80.1,-212.3,48.5,-5.1,-268.2,0.0,0.0,-6.3,18.7,0.0,1.9,20.8
2026-06-17,158500,666.7,68.4,204.9,-270.2,12.6,-2.5,-63.8,0.0,0.0,-5.8,-210.6,0.0,-0.6,-2.6
2026-06-18,154500,818.3,55.3,239.1,-290.3,-236.5,-2.7,-8.3,-8.1,0.0,-7.2,-27.5,0.0,1.2,-5.3
2026-06-19,156100,1434.3,-13.8,109.9,-85.2,-254.1,6.2,160.9,0.0,0.0,-5.8,7.6,0.0,-6.2,-4.7
2026-06-22,174000,1826.5,-436.9,51.3,372.9,-23.8,12.0,264.5,0.0,0.0,42.8,77.3,0.0,15.2,-2.5
2026-06-23,151100,1551.1,-250.5,-105.2,341.2,290.3,0.2,-27.4,-0.0,0.0,55.5,22.6,0.0,5.3,9.2
2026-06-24,152400,1155.8,-194.4,-147.4,363.6,274.2,-4.2,84.6,0.0,0.0,7.8,1.1,0.0,-8.7,-13.2
2026-06-25,158000,1378.3,-62.1,-103.3,160.5,-7.1,2.0,115.2,0.3,0.0,0.6,49.5,0.0,5.0,-0.1
2026-06-26,158300,1141.3,-100.1,-166.7,268.8,247.6,7.9,-44.3,0.1,0.0,69.4,-11.8,0.0,-2.3,0.3
2026-06-29,143600,1026.7,129.8,-54.5,-74.8,122.9,-3.6,-96.0,0.0,0.0,-56.1,-42.1,0.0,-1.0,0.6
2026-06-30,144200,1310.0,73.9,403.8,-500.1,83.8,-0.4,-319.6,-0.3,0.0,26.7,-290.3,0.0,2.3,20.1
2026-07-01,133200,3037.7,214.6,1735.2,-1962.0,41.2,-1.4,-2003.4,0.0,0.0,-26.1,27.7,0.0,-0.2,12.4
2026-07-02,116800,1675.9,13.3,705.8,-726.0,203.0,-5.5,-722.2,-0.1,0.0,-17.0,-184.2,0.0,1.8,5.0
2026-07-03,120700,747.3,-22.1,69.4,-40.3,17.9,4.4,-72.1,0.0,0.1,6.1,3.4,0.0,1.0,-8.0
2026-07-06,112900,532.0,24.2,116.8,-120.9,1.8,-4.4,-39.7,0.0,0.0,-36.0,-42.6,0.0,-4.2,-15.8
2026-07-07,111800,658.7,-110.6,46.9,64.6,143.2,-1.1,-60.6,-0.1,-0.1,0.0,-16.7,0.0,-0.9,-0.1
2026-07-08,111800,766.3,-143.9,24.9,119.3,26.7,3.0,13.0,-0.1,0.0,3.2,73.5,0.0,-0.1,-0.3
2026-07-09,116700,537.0,-92.8,-66.3,159.9,28.2,7.9,13.0,-0.1,0.0,104.2,6.8,0.0,-0.7,-0.1
2026-07-10,121900,589.5,-38.9,-20.8,58.7,28.4,0.5,35.6,0.0,0.0,-15.1,9.3,0.0,1.1,-0.1
2026-07-13,110700,473.6,-34.5,167.6,-131.7,-11.5,0.3,-69.1,0.0,0.0,-3.0,-48.4,0.0,-1.4,-0.0
2026-07-14,113500,588.5,-50.2,111.0,-60.6,-20.9,2.9,-21.7,-0.3,0.0,1.6,-22.2,0.0,-0.0,-0.1
2026-07-15,120800,350.0,-37.2,5.1,32.4,-1.5,3.0,37.8,0.0,0.0,5.2,-12.0,0.0,-0.2,-0.0
2026-07-16,109600,383.3,22.8,106.9,-129.4,1.1,0.5,-105.1,0.0,0.0,1.1,-26.9,0.0,-0.2,-0.0
2026-07-20,102000,307.0,0.4,109.9,-110.5,-13.3,2.9,-30.1,-0.3,0.0,-43.8,-25.9,0.0,0.1,0.1
2026-07-21,104700,235.4,-6.1,3.2,3.5,-15.6,1.8,11.0,0.0,0.0,2.4,4.0,0.0,-0.5,-0.1
2026-07-22,105900,304.2,-48.8,42.8,5.3,3.7,10.1,-38.0,-0.3,0.0,30.7,-0.8,0.0,1.1,-0.3
2026-07-23,110100,159.5,9.5,-12.4,3.1,4.2,-0.9,8.8,0.0,0.0,2.2,-11.1,0.0,-0.2,-0.0
2026-07-24,100000,298.5,12.7,96.3,-110.0,-2.2,0.0,-73.4,-0.3,0.0,-30.1,-4.0,0.0,0.9,0.0
2026-07-27,98700,228.5,13.9,36.3,-48.2,9.7,1.4,-32.5,-0.1,0.0,-21.3,-5.5,0.0,-2.0,0.0
2026-07-28,84800,428.3,9.1,121.9,-128.9,6.0,-8.2,-80.1,-0.7,0.0,-47.1,1.2,0.0,-2.9,0.8
2026-07-29,74900,571.7,-10.9,45.7,-35.1,-8.5,-2.9,-1.8,-0.6,0.0,-34.8,13.5,0.0,0.0,0.3
2026-07-30,71200,432.9,-5.5,81.1,-76.6,1.0,-7.2,-13.4,-0.0,0.0,-57.9,1.0,0.0,1.4,-0.3
2026-07-31,83100,687.8,29.7,-51.4,21.4,-20.1,4.3,33.0,0.0,0.0,24.2,-20.0,0.0,0.2,0.1
2026-08-03,80900,234.7,2.1,-29.7,28.1,31.2,-0.7,-0.7,0.0,0.0,0.7,-2.4,0.0,-0.4,0.0
2026-08-04,85000,389.0,34.7,-40.7,3.9,13.3,-0.2,14.4,0.0,0.0,-21.1,-2.6,0.0,1.9,0.3
2026-08-05,90000,597.4,154.1,-183.4,27.6,9.2,0.9,3.6,0.4,0.1,10.3,3.1,0.0,1.3,0.4
2026-08-06,88600,540.4,5.2,30.2,-34.0,36.5,4.6,-58.6,0.0,0.0,-16.5,0.0,0.0,-1.5,0.2
2026-08-07,84100,308.6,56.7,-58.6,0.4,16.2,-8.8,-7.0,0.0,1.5,7.1,-8.6,0.0,1.2,0.2
2026-08-10,91900,367.8,-90.2,88.3,2.1,-7.4,-0.2,32.9,0.0,0.0,-30.7,7.6,0.0,0.1,-0.2
2026-08-11,93200,232.4,30.4,-49.1,13.3,6.3,-1.5,6.3,0.0,0.0,-7.2,9.4,0.0,4.5,0.9
2026-08-12,95100,276.3,73.2,-98.3,27.8,8.7,3.2,8.3,0.0,0.0,3.1,4.5,0.0,-2.0,-0.7
2026-08-13,99700,452.8,-22.6,-19.9,39.8,-29.6,7.7,-3.6,0.0,0.0,27.7,37.6,0.0,2.5,0.2
2026-08-14,102800,325.4,-28.4,-64.2,92.9,13.3,0.4,1.7,0.0,0.0,6.9,70.6,0.0,-1.0,0.6
2026-08-18,97600,370.8,37.6,63.7,-99.3,-7.3,-0.7,-52.1,0.0,-1.8,-32.6,-4.8,0.0,-1.3,-0.6
2026-08-19,93600,395.6,-15.5,152.6,-137.3,8.0,-0.3,-64.8,-0.1,0.0,0.9,-81.0,0.0,0.0,0.2
2026-08-20,96900,226.6,32.2,-35.9,3.3,-7.2,-2.5,13.6,0.0,0.0,-0.3,-0.3,0.0,-0.1,0.6
2026-08-21,89700,552.1,89.2,193.6,-282.8,-245.5,-1.6,-5.8,0.0,0.0,-30.1,0.2,0.0,-0.1,0.1
2026-08-24,87100,222.6,13.9,59.5,-72.4,-10.8,-2.1,-27.8,0.0,0.0,-22.6,-9.1,0.0,-0.9,0.0
2026-08-25,92700,212.9,-44.3,26.1,17.8,28.1,-1.3,1.8,0.0,0.0,-10.0,-0.7,0.0,0.0,0.3
2026-08-26,91500,161.8,18.2,26.4,-44.6,-0.2,-10.2,-18.1,0.0,0.0,-15.8,-0.2,0.0,0.0,-0.0
2026-08-27,95400,223.8,-70.5,73.4,-0.4,-5.3,-0.9,7.9,0.0,0.0,0.1,-2.2,0.0,-2.5,-0.1
2026-08-28,93900,214.9,20.1,-26.5,7.4,4.9,-0.1,51.4,0.0,0.0,-54.9,6.2,0.0,-1.0,-0.0
2026-08-31,95000,198.8,-11.0,0.6,10.5,-9.5,-1.1,33.1,0.0,0.0,-1.7,-10.2,0.0,-0.1,-0.0
2026-09-01,94400,187.9,27.4,43.3,-70.7,-16.4,-1.5,13.4,0.0,0.0,-68.5,2.4,0.0,0.0,-0.0
2026-09-02,89200,272.4,32.0,89.9,-122.0,-22.0,0.2,-37.7,0.0,0.0,-60.4,-2.1,0.0,0.0,0.1
2026-09-03,88100,204.0,-7.9,40.5,-32.4,-3.4,0.1,-9.6,-0.0,0.0,-16.1,-3.5,0.0,0.3,-0.5
2026-09-04,89900,242.2,-11.7,-34.7,46.1,-3.9,-2.1,54.7,0.0,0.0,-12.7,10.1,0.0,0.5,-0.2
