security_id,ticker,name,sector
KRX:005930,005930,삼성전자,업종 원천 미연결
KRX:000660,000660,SK하이닉스,업종 원천 미연결
KRX:402340,402340,SK스퀘어,업종 원천 미연결
KRX:009150,009150,삼성전기,업종 원천 미연결
KRX:373220,373220,LG에너지솔루션,업종 원천 미연결
KRX:005380,005380,현대차,업종 원천 미연결
KRX:207940,207940,삼성바이오로직스,업종 원천 미연결
KRX:105560,105560,KB금융,업종 원천 미연결
KRX:028260,028260,삼성물산,업종 원천 미연결
KRX:032830,032830,삼성생명,업종 원천 미연결
KRX:012450,012450,한화에어로스페이스,업종 원천 미연결
KRX:055550,055550,신한지주,업종 원천 미연결
KRX:034020,034020,두산에너빌리티,업종 원천 미연결
KRX:000270,000270,기아,업종 원천 미연결
KRX:329180,329180,HD현대중공업,업종 원천 미연결
KRX:006400,006400,삼성SDI,업종 원천 미연결
KRX:068270,068270,셀트리온,업종 원천 미연결
KRX:034730,034730,SK,업종 원천 미연결
KRX:012330,012330,현대모비스,업종 원천 미연결
KRX:086790,086790,하나금융지주,업종 원천 미연결
KRX:066570,066570,LG전자,업종 원천 미연결
KRX:035420,035420,NAVER,업종 원천 미연결
KRX:000810,000810,삼성화재,업종 원천 미연결
KRX:010120,010120,LS ELECTRIC,업종 원천 미연결
KRX:005490,005490,POSCO홀딩스,업종 원천 미연결
KRX:042660,042660,한화오션,업종 원천 미연결
KRX:267260,267260,HD현대일렉트릭,업종 원천 미연결
KRX:010130,010130,고려아연,업종 원천 미연결
KRX:298040,298040,효성중공업,업종 원천 미연결
KRX:009540,009540,HD한국조선해양,업종 원천 미연결
KRX:316140,316140,우리금융지주,업종 원천 미연결
KRX:096770,096770,SK이노베이션,업종 원천 미연결
KRX:138040,138040,메리츠금융지주,업종 원천 미연결
KRX:042700,042700,한미반도체,업종 원천 미연결
KRX:015760,015760,한국전력,업종 원천 미연결
KRX:051910,051910,LG화학,업종 원천 미연결
KRX:017670,017670,SK텔레콤,업종 원천 미연결
KRX:011200,011200,HMM,업종 원천 미연결
KRX:267250,267250,HD현대,업종 원천 미연결
KRX:010140,010140,삼성중공업,업종 원천 미연결
KRX:006800,006800,미래에셋증권,업종 원천 미연결
KRX:000150,000150,두산,업종 원천 미연결
KRX:018260,018260,삼성에스디에스,업종 원천 미연결
KRX:003550,003550,LG,업종 원천 미연결
KRX:033780,033780,KT&G,업종 원천 미연결
KRX:010950,010950,S-Oil,업종 원천 미연결
KRX:024110,024110,기업은행,업종 원천 미연결
KRX:003670,003670,포스코퓨처엠,업종 원천 미연결
KRX:035720,035720,카카오,업종 원천 미연결
KRX:086280,086280,현대글로비스,업종 원천 미연결
KRX:278470,278470,에이피알,업종 원천 미연결
KRX:079550,079550,LIG디펜스앤에어로스페이스,업종 원천 미연결
KRX:064350,064350,현대로템,업종 원천 미연결
KRX:030200,030200,KT,업종 원천 미연결
KRX:000720,000720,현대건설,업종 원천 미연결
KRX:011070,011070,LG이노텍,업종 원천 미연결
KRX:272210,272210,한화시스템,업종 원천 미연결
KRX:005830,005830,DB손해보험,업종 원천 미연결
KRX:047810,047810,한국항공우주,업종 원천 미연결
KRX:078930,078930,GS,업종 원천 미연결
KRX:003490,003490,대한항공,업종 원천 미연결
KRX:307950,307950,현대오토에버,업종 원천 미연결
KRX:003230,003230,삼양식품,업종 원천 미연결
KRX:071050,071050,한국금융지주,업종 원천 미연결
KRX:323410,323410,카카오뱅크,업종 원천 미연결
KRX:259960,259960,크래프톤,업종 원천 미연결
KRX:005940,005940,NH투자증권,업종 원천 미연결
KRX:180640,180640,한진칼,업종 원천 미연결
KRX:047050,047050,포스코인터내셔널,업종 원천 미연결
KRX:443060,443060,HD현대마린솔루션,업종 원천 미연결
KRX:006260,006260,LS,업종 원천 미연결
KRX:028050,028050,삼성E&A,업종 원천 미연결
KRX:0126Z0,0126Z0,삼성에피스홀딩스,업종 원천 미연결
KRX:090430,090430,아모레퍼시픽,업종 원천 미연결
KRX:007660,007660,이수페타시스,업종 원천 미연결
KRX:161390,161390,한국타이어앤테크놀로지,업종 원천 미연결
KRX:016360,016360,삼성증권,업종 원천 미연결
KRX:352820,352820,하이브,업종 원천 미연결
KRX:000880,000880,한화,업종 원천 미연결
KRX:064400,064400,LG씨엔에스,업종 원천 미연결
KRX:039490,039490,키움증권,업종 원천 미연결
KRX:021240,021240,코웨이,업종 원천 미연결
KRX:047040,047040,대우건설,업종 원천 미연결
KRX:326030,326030,SK바이오팜,업종 원천 미연결
KRX:009830,009830,한화솔루션,업종 원천 미연결
KRX:267270,267270,HD건설기계,업종 원천 미연결
KRX:377300,377300,카카오페이,업종 원천 미연결
KRX:032640,032640,LG유플러스,업종 원천 미연결
KRX:128940,128940,한미약품,업종 원천 미연결
KRX:241560,241560,두산밥캣,업종 원천 미연결
KRX:000100,000100,유한양행,업종 원천 미연결
KRX:062040,062040,산일전기,업종 원천 미연결
KRX:175330,175330,JB금융지주,업종 원천 미연결
KRX:001440,001440,대한전선,업종 원천 미연결
KRX:029780,029780,삼성카드,업종 원천 미연결
KRX:271560,271560,오리온,업종 원천 미연결
KRX:088350,088350,한화생명,업종 원천 미연결
KRX:066970,066970,엘앤에프,업종 원천 미연결
KRX:036570,036570,NC,업종 원천 미연결
KRX:138930,138930,BNK금융지주,업종 원천 미연결
KRX:034220,034220,LG디스플레이,업종 원천 미연결
KRX:454910,454910,두산로보틱스,업종 원천 미연결
KRX:051900,051900,LG생활건강,업종 원천 미연결
KRX:001450,001450,현대해상,업종 원천 미연결
KRX:010060,010060,OCI홀딩스,업종 원천 미연결
KRX:004020,004020,현대제철,업종 원천 미연결
KRX:011790,011790,SKC,업종 원천 미연결
KRX:002380,002380,KCC,업종 원천 미연결
KRX:052690,052690,한전기술,업종 원천 미연결
KRX:000990,000990,DB하이텍,업종 원천 미연결
KRX:001040,001040,CJ,업종 원천 미연결
KRX:082740,082740,한화엔진,업종 원천 미연결
KRX:018880,018880,한온시스템,업종 원천 미연결
KRX:004170,004170,신세계,업종 원천 미연결
KRX:008930,008930,한미사이언스,업종 원천 미연결
KRX:161890,161890,한국콜마,업종 원천 미연결
KRX:111770,111770,영원무역,업종 원천 미연결
KRX:022100,022100,포스코DX,업종 원천 미연결
KRX:036460,036460,한국가스공사,업종 원천 미연결
KRX:028670,028670,팬오션,업종 원천 미연결
KRX:011780,011780,금호석유화학,업종 원천 미연결
KRX:035250,035250,강원랜드,업종 원천 미연결
KRX:192820,192820,코스맥스,업종 원천 미연결
KRX:023530,023530,롯데쇼핑,업종 원천 미연결
KRX:251270,251270,넷마블,업종 원천 미연결
KRX:012750,012750,에스원,업종 원천 미연결
KRX:302440,302440,SK바이오사이언스,업종 원천 미연결
KRX:017800,017800,현대엘리베이터,업종 원천 미연결
KRX:139130,139130,iM금융지주,업종 원천 미연결
KRX:009420,009420,한올바이오파마,업종 원천 미연결
KRX:375500,375500,DL이앤씨,업종 원천 미연결
KRX:097950,097950,CJ제일제당,업종 원천 미연결
KRX:007340,007340,DN오토모티브,업종 원천 미연결
KRX:004370,004370,농심,업종 원천 미연결
KRX:011170,011170,롯데케미칼,업종 원천 미연결
KRX:383220,383220,F&F,업종 원천 미연결
KRX:282330,282330,BGF리테일,업종 원천 미연결
KRX:450080,450080,에코프로머티,업종 원천 미연결
KRX:026960,026960,동서,업종 원천 미연결
KRX:004990,004990,롯데지주,업종 원천 미연결
KRX:005850,005850,에스엘,업종 원천 미연결
KRX:483650,483650,달바글로벌,업종 원천 미연결
KRX:000240,000240,한국앤컴퍼니,업종 원천 미연결
KRX:204320,204320,HL만도,업종 원천 미연결
KRX:009970,009970,영원무역홀딩스,업종 원천 미연결
KRX:081660,081660,미스토홀딩스,업종 원천 미연결
KRX:103140,103140,풍산,업종 원천 미연결
KRX:030000,030000,제일기획,업종 원천 미연결
KRX:007070,007070,GS리테일,업종 원천 미연결
KRX:014680,014680,한솔케미칼,업종 원천 미연결
KRX:069960,069960,현대백화점,업종 원천 미연결
KRX:073240,073240,금호타이어,업종 원천 미연결
KRX:051600,051600,한전KPS,업종 원천 미연결
KRX:139480,139480,이마트,업종 원천 미연결
KRX:002790,002790,아모레퍼시픽홀딩스,업종 원천 미연결
KRX:112610,112610,씨에스윈드,업종 원천 미연결
KRX:457190,457190,이수스페셜티케미컬,업종 원천 미연결
KRX:071970,071970,HD현대마린엔진,업종 원천 미연결
KRX:006040,006040,동원산업,업종 원천 미연결
KRX:000120,000120,CJ대한통운,업종 원천 미연결
KRX:120110,120110,코오롱인더,업종 원천 미연결
KRX:008770,008770,호텔신라,업종 원천 미연결
KRX:011210,011210,현대위아,업종 원천 미연결
KRX:001800,001800,오리온홀딩스,업종 원천 미연결
KRX:001430,001430,세아베스틸지주,업종 원천 미연결
KRX:298020,298020,효성티앤씨,업종 원천 미연결
KRX:006280,006280,녹십자,업종 원천 미연결
KRX:069620,069620,대웅제약,업종 원천 미연결
KRX:093370,093370,후성,업종 원천 미연결
KRX:280360,280360,롯데웰푸드,업종 원천 미연결
KRX:007310,007310,오뚜기,업종 원천 미연결
KRX:361610,361610,SK아이이테크놀로지,업종 원천 미연결
KRX:300720,300720,한일시멘트,업종 원천 미연결
KRX:192080,192080,더블유게임즈,업종 원천 미연결
KRX:004000,004000,롯데정밀화학,업종 원천 미연결
KRX:017960,017960,한국카본,업종 원천 미연결
KRX:000210,000210,DL,업종 원천 미연결
KRX:000080,000080,하이트진로,업종 원천 미연결
KRX:003240,003240,태광산업,업종 원천 미연결
KRX:003090,003090,대웅,업종 원천 미연결
KRX:285130,285130,SK케미칼,업종 원천 미연결
KRX:185750,185750,종근당,업종 원천 미연결
KRX:034230,034230,파라다이스,업종 원천 미연결
KRX:005300,005300,롯데칠성,업종 원천 미연결
KRX:009240,009240,한샘,업종 원천 미연결
KRX:071320,071320,지역난방공사,업종 원천 미연결
KRX:298050,298050,HS효성첨단소재,업종 원천 미연결
KRX:137310,137310,에스디바이오센서,업종 원천 미연결
KRX:000670,000670,영풍,업종 원천 미연결
KRX:456040,456040,OCI,업종 원천 미연결
KRX:069260,069260,TKG휴켐스,업종 원천 미연결
KRX:001680,001680,대상,업종 원천 미연결
KRX:268280,268280,미원에스씨,업종 원천 미연결
KRX:014820,014820,동원시스템즈,업종 원천 미연결
KRX:006650,006650,대한유화,업종 원천 미연결
KRX:002840,002840,미원상사,업종 원천 미연결
KRX:0220W0,0220W0,한화머시너리앤서비스홀딩스,업종 원천 미연결
KRX:003030,003030,세아제강지주,업종 원천 미연결
KRX:002030,002030,아세아,업종 원천 미연결
KRX:008730,008730,율촌화학,업종 원천 미연결
KRX:005420,005420,코스모화학,업종 원천 미연결
