date,close,volume,inst_net,frgn_net,frgn_hold,frgn_rate
2023-10-23,55400,869614,56008,3101,5175621,10.00%
2023-10-24,55600,1827014,154043,-35260,5093609,9.84%
2023-10-25,54800,972023,59432,-175025,4893476,9.45%
2023-10-26,58800,2811004,103457,-238089,4671582,9.02%
2023-10-27,60000,1745035,97260,-240775,4680975,9.04%
2023-10-30,62200,1625594,98708,-106421,4533493,8.76%
2023-10-31,62400,1029512,7070,-65802,4516308,8.72%
2023-11-01,62800,860826,116327,-72184,4492867,8.68%
2023-11-02,68200,1753990,39981,102871,4609409,8.90%
2023-11-03,68800,1056110,28048,-114117,4495487,8.68%
2023-11-06,71900,1674574,-13459,132496,4624876,8.93%
2023-11-07,70600,1226612,-56010,77176,4680556,9.04%
2023-11-08,65500,5031530,-65853,17806,4757743,9.19%
2023-11-09,62200,1412157,-51125,69637,4824155,9.32%
2023-11-10,64700,1297988,50779,5785,4862326,9.39%
2023-11-13,61500,637032,1855,56251,4911200,9.49%
2023-11-14,65500,818109,31185,59029,4970472,9.60%
2023-11-15,72300,1495398,43505,134584,5080394,9.81%
2023-11-16,70100,755145,-28197,-42734,5034644,9.72%
2023-11-17,69200,732120,-23287,-53619,4946480,9.55%
2023-11-20,67900,508243,19372,12752,4926912,9.52%
2023-11-21,71700,1030144,15429,86126,5012828,9.68%
2023-11-22,73500,1723789,-18452,13847,5068112,9.79%
2023-11-23,73100,678399,-18686,32256,5046308,9.75%
2023-11-24,74100,1002745,-886,-280,5001103,9.66%
2023-11-27,73100,602531,651,14109,5020334,9.70%
2023-11-28,79000,1903038,99996,266057,5379676,10.39%
2023-11-29,78600,2006220,68172,119279,5497154,10.62%
2023-11-30,80000,585816,-896,32861,5464765,10.56%
2023-12-01,82600,1094026,45742,82207,5569793,10.76%
2023-12-04,78500,827085,32420,-84641,5481541,10.59%
2023-12-05,74500,1113788,-16441,96732,5501756,10.63%
2023-12-06,73600,546222,33420,-51686,5426374,10.48%
2023-12-07,73400,594523,38819,-25327,5358520,10.35%
2023-12-08,73900,720512,36574,12217,5428520,10.49%
2023-12-11,72700,393758,3997,-20842,5398447,10.43%
2023-12-12,72100,460173,-14324,-4767,5293625,10.23%
2023-12-13,69600,678198,-12751,81040,5328141,10.29%
2023-12-14,69400,811450,61439,-18221,5263899,10.17%
2023-12-15,67800,803368,16119,-36925,5167456,9.98%
2023-12-18,72400,1037600,27703,-2401,5112684,9.88%
2023-12-19,72300,515538,25638,-27862,5060590,9.77%
2023-12-20,72800,579120,79886,-52624,4967796,9.60%
2023-12-21,88100,6489387,45361,466621,5407271,10.44%
2023-12-22,87900,2258097,34298,92494,5494704,10.61%
2023-12-26,91900,2375887,118641,122694,5622857,10.77%
2023-12-27,96600,2931296,32492,70577,5673703,10.87%
2023-12-28,98500,1564075,-21448,142820,5748402,11.02%
2024-01-02,91500,1976661,-81466,63559,5808810,11.13%
2024-01-03,90500,1379642,-235690,84608,5899165,11.30%
2024-01-04,88500,1022807,-113505,-10446,5823571,11.16%
2024-01-05,89500,1062331,-28534,28946,5860545,11.23%
2024-01-08,87300,783723,-54635,33045,5882186,11.27%
2024-01-09,93000,1261241,56624,47097,5920910,11.35%
2024-01-10,97300,1339752,102136,-31686,5856657,11.22%
2024-01-11,93700,859946,12623,-40182,5784074,11.08%
2024-01-12,94800,667145,16364,16947,5871888,11.25%
2024-01-15,89300,1144644,-40606,-141685,5731502,10.98%
2024-01-16,90400,891661,29523,101718,5838672,11.19%
2024-01-17,87800,716406,50705,-82323,5755827,10.86%
2024-01-18,83000,1212288,-28535,89631,5804703,10.95%
2024-01-19,75600,2428092,-203248,-196749,5603180,10.57%
2024-01-22,76500,863657,81542,-31747,5571902,10.51%
2024-01-23,76000,885737,-3183,-68912,5507240,10.39%
2024-01-24,72500,827469,-92748,49324,5560457,10.49%
2024-01-25,73600,519320,49457,-81268,5484028,10.34%
2024-01-26,76600,825802,58739,-118701,5356446,10.10%
2024-01-29,74500,945844,-26853,-99327,5256036,9.91%
2024-01-30,80800,1335887,74970,-62247,5193905,9.80%
2024-01-31,77300,865807,8166,-244223,4871795,9.19%
2024-02-01,71400,1641681,-64525,-152271,4660852,8.79%
2024-02-02,76400,818412,107373,10483,4684134,8.84%
2024-02-05,75900,798266,-44796,-129560,4489149,8.47%
2024-02-06,77300,510249,-21591,-15840,4473104,8.44%
2024-02-07,76700,508036,4936,-14359,4469536,8.43%
2024-02-08,76800,601564,643,13429,4464544,8.42%
2024-02-13,86600,1776682,191072,2235,4465781,8.42%
2024-02-14,87000,1421712,41337,-124531,4341295,8.19%
2024-02-15,87500,1234652,57370,4733,4314108,8.14%
2024-02-16,90700,1281165,139691,8830,4382811,8.27%
2024-02-19,89400,704991,38359,-118629,4264170,8.04%
2024-02-20,87100,657806,-42083,58525,4728499,8.92%
2024-02-21,93900,2084214,25879,117918,4829405,9.11%
2024-02-22,105000,5978766,75603,151810,4983565,9.40%
2024-02-23,131200,9359073,-200390,259346,5246814,9.90%
2024-02-26,156600,8287773,-31263,127916,5375856,10.14%
2024-02-27,157500,3968716,-20085,87135,5461905,10.30%
2024-02-28,164500,2161844,19248,115686,5517300,10.41%
2024-02-29,160600,2367010,-107042,-74024,5344170,10.08%
2024-03-04,167200,1505236,-8251,65762,5382295,10.15%
2024-03-05,192200,3307519,-6259,123907,5489820,10.36%
2024-03-06,194200,1511224,-53935,14933,5502601,10.38%
2024-03-07,184400,1622091,-84531,-53462,5385582,10.16%
2024-03-08,190800,1571371,-36338,115538,5467963,10.31%
2024-03-11,180000,1028495,-76983,-37111,5401135,10.19%
2024-03-12,193500,1515371,-76328,134044,5502817,10.38%
2024-03-13,201000,1854056,-18983,58871,5530589,10.43%
2024-03-14,206500,1060436,48193,25271,5579858,10.53%
2024-03-15,204500,953217,-12731,-88762,5459037,10.30%
2024-03-18,202000,2664701,-62657,20077,5436536,10.26%
2024-03-19,209000,1380539,-124350,145700,6082360,11.47%
2024-03-20,196100,959389,-41479,-157664,5923643,11.17%
2024-03-21,196800,1313353,-21050,142666,6068704,11.45%
2024-03-22,204000,1611678,5539,183358,6200659,11.70%
2024-03-25,213500,1194741,38030,34049,6217764,11.73%
2024-03-26,219500,1664700,121968,45247,6263688,11.82%
2024-03-27,195600,7228123,71377,106545,6377799,12.03%
2024-03-28,207500,2346719,65645,213468,6597406,12.45%
2024-03-29,197400,1346417,-109082,-133934,6466687,12.20%
2024-04-01,186300,1980465,-127988,-45771,6428020,12.13%
2024-04-02,170000,3260376,-291677,244840,6632457,12.51%
2024-04-03,170600,2270452,28594,-152944,6443308,12.15%
2024-04-04,166500,1438742,-13678,-52565,6299709,11.88%
2024-04-05,161000,1810119,-20481,-19841,6180234,11.66%
2024-04-08,162300,1243158,-32667,-69926,6061322,11.43%
2024-04-09,173200,2246384,20216,62379,6074803,11.46%
2024-04-11,173500,1121684,-90545,-14569,5940815,11.21%
2024-04-12,178700,1500850,48471,-20733,5885007,11.10%
2024-04-15,171300,902089,-27304,-110381,5739588,10.83%
2024-04-16,168300,986926,-39114,134752,5880734,11.09%
2024-04-17,160800,1150622,-19501,36065,5890658,11.11%
2024-04-18,176200,1282693,12242,154742,5882152,11.10%
2024-04-19,168400,1393151,30551,-198054,5676998,10.71%
2024-04-22,166300,1268393,-25553,-110751,5521548,10.42%
2024-04-23,173900,1133270,58509,212465,5730504,10.81%
2024-04-24,178300,1198718,88233,-35405,5686248,10.73%
2024-04-25,173700,678762,12137,-107199,5473214,10.32%
2024-04-26,173700,2896505,-48170,-174179,5298131,9.99%
2024-04-29,176500,1008109,16479,27452,5257896,9.92%
2024-04-30,176900,1006664,-10854,53112,5337718,10.07%
2024-05-02,180800,851089,26597,54301,5363167,10.12%
2024-05-03,177200,961336,33869,-185794,5157334,9.73%
2024-05-07,177300,852416,61618,-27077,5111321,9.64%
2024-05-08,174100,1027934,-19310,-55046,5055189,9.54%
2024-05-09,169900,610465,-65041,28371,5049547,9.53%
2024-05-10,170200,544365,-995,7067,5056621,9.54%
2024-05-13,164400,1299020,-20660,14924,5071949,9.57%
2024-05-14,174500,1352421,92860,207128,5277436,9.96%
2024-05-16,178000,1914494,148915,71352,5346570,10.09%
2024-05-17,189600,3198012,145050,204675,5632050,10.62%
2024-05-20,190000,1219942,77470,75,5523253,10.42%
2024-05-21,189400,665018,-8106,12649,5456522,10.29%
2024-05-22,192300,2008231,-25825,29434,5487473,10.32%
2024-05-23,185900,944616,-26682,-16163,5470759,10.29%
2024-05-24,193100,1202683,28314,293145,5773927,10.86%
2024-05-27,189800,784527,-4424,5383,5775953,10.87%
2024-05-28,186000,772435,-46896,25250,5768661,10.85%
2024-05-29,182100,646508,-58863,48369,5821669,10.95%
2024-05-30,180000,886508,-59954,43172,5863052,11.03%
2024-05-31,185900,5071763,-111316,477841,6328136,11.91%
2024-06-03,199000,1469329,105888,163262,5985433,11.26%
2024-06-04,233500,4791829,122859,505108,6477548,12.19%
2024-06-05,238000,2086713,56772,44542,6523668,12.27%
2024-06-07,269000,2857943,-5498,272661,6788728,12.77%
2024-06-10,253000,1736891,-12841,-99746,6679202,12.57%
2024-06-11,283500,2972232,-15076,308469,6929348,13.04%
2024-06-12,276000,1383564,-31555,-35569,6897740,12.98%
2024-06-13,268500,1888940,-81286,-67566,6844406,12.88%
2024-06-14,265000,1011279,16826,870,6806150,12.81%
2024-06-17,267500,992296,-41300,-12380,6789816,12.78%
2024-06-18,273500,829928,5971,45865,6863443,12.91%
2024-06-19,255000,1191608,-44459,-12690,6859587,12.91%
2024-06-20,259500,814568,13287,2449,6839874,12.87%
2024-06-21,281000,1901776,4614,165041,7003788,13.18%
2024-06-24,286000,1246288,-18881,-10786,6991353,13.15%
2024-06-25,289500,807498,10477,-23077,6973704,13.12%
2024-06-26,286000,675152,-6861,-33599,6932152,13.04%
2024-06-27,284500,1384490,-19315,11937,6943066,13.06%
2024-06-28,280500,660408,-27932,47542,7089987,13.34%
2024-07-01,277500,585740,29190,-30410,7060142,13.28%
2024-07-02,262500,1353467,-55508,-25045,7037265,13.24%
2024-07-03,258500,647987,-22516,-243,7437232,13.99%
2024-07-04,257000,670641,-21531,5389,7438519,14.00%
2024-07-05,279000,1227503,25043,74957,7500918,14.11%
2024-07-08,272500,1180188,6080,-166242,7330873,13.79%
2024-07-09,262500,847411,-56495,-74550,7245233,13.63%
2024-07-10,270000,915461,5866,96904,7334385,13.80%
2024-07-11,269500,824947,35959,-111220,7216104,13.58%
2024-07-12,272500,1111137,2832,33824,7409913,13.94%
2024-07-15,278500,817537,46606,124944,7540738,14.19%
2024-07-16,273000,744022,4897,-94462,7431838,13.98%
2024-07-17,274000,463467,7241,102694,7520007,14.15%
2024-07-18,263000,635432,-82940,-33831,7484920,14.08%
2024-07-19,271500,420452,1940,76927,7565967,14.24%
2024-07-22,264000,458389,-35755,-62419,7503034,14.12%
2024-07-23,285000,1528091,110952,312162,7847619,14.77%
2024-07-24,304500,1562612,61475,80032,7919663,14.90%
2024-07-25,275500,1381700,9860,-294813,7578857,14.26%
2024-07-26,283500,788442,32915,9676,7624593,14.35%
2024-07-29,298500,676704,63691,52976,7619890,14.34%
2024-07-30,320500,2349207,102536,36940,7651409,14.40%
2024-07-31,315000,1356855,35585,-100496,7551281,14.21%
2024-08-01,319000,656310,2673,-13112,7554107,14.21%
2024-08-02,295000,1007536,-51642,-59956,7495887,14.10%
2024-08-05,261500,1973233,16140,137909,7649800,14.39%
2024-08-06,279000,3135455,130386,-2217,7658753,14.41%
2024-08-07,284000,848285,19098,-46970,7574276,14.25%
2024-08-08,297000,1109967,15760,20942,7595314,14.29%
2024-08-09,302000,1015992,31251,11598,7607039,14.31%
2024-08-12,303000,545500,-21033,-31102,7581906,14.27%
2024-08-13,292500,774853,-38452,-61036,7519510,14.15%
2024-08-14,292500,430710,-6755,-4876,7515978,14.14%
2024-08-16,301000,577339,14744,84433,7548182,14.20%
2024-08-19,298500,389208,-3259,18505,7573597,14.25%
2024-08-20,300500,791286,7898,-73026,7452014,14.02%
2024-08-21,288500,525838,-33040,-80394,7360990,13.85%
2024-08-22,289000,683068,-25917,33150,7408013,13.94%
2024-08-23,315000,1244378,102160,329438,7739480,14.56%
2024-08-26,312500,526492,13671,-93672,7640058,14.37%
2024-08-27,315000,1033401,-32263,38121,7653052,14.40%
2024-08-28,319000,707761,9175,-77007,7572586,14.25%
2024-08-29,315500,686421,-67167,-103483,7467270,14.05%
2024-08-30,319000,787982,-29180,75402,7548998,14.20%
2024-09-02,322000,563264,-18773,29145,7568658,14.24%
2024-09-03,325500,879459,30616,6539,7572926,14.25%
2024-09-04,307500,898049,-42108,-46635,7521984,14.15%
2024-09-05,307000,1023211,-10670,7077,7529209,14.17%
2024-09-06,301000,612317,-4490,25737,7591889,14.28%
2024-09-09,304500,524464,20721,54682,7667388,14.43%
2024-09-10,305000,404935,-36725,-10930,7669211,14.43%
2024-09-11,306000,570892,11449,60667,7734612,14.55%
2024-09-12,316000,629084,93053,61591,7793020,14.66%
2024-09-13,319500,409410,-22086,-5616,7766941,14.61%
2024-09-19,350000,1628459,-23138,610280,8340006,15.69%
2024-09-20,363000,912080,-16641,253890,8550240,16.09%
2024-09-23,350000,377122,12148,-73420,8419635,15.84%
2024-09-24,353000,325349,21919,-2554,8410478,15.82%
2024-09-25,330500,628013,-69347,-39416,8390211,15.79%
2024-09-26,341000,362187,12214,34390,8422471,15.85%
2024-09-27,332000,186731,-17428,-670,8461516,15.92%
2024-09-30,327000,240960,1010,11894,8472621,15.94%
2024-10-02,336000,217855,11042,32654,8505369,16.00%
2024-10-04,356000,408874,39664,141626,8599931,16.18%
2024-10-07,359500,277109,-7924,70509,8670300,16.31%
2024-10-08,369000,415456,-6033,120503,8790646,16.54%
2024-10-10,369000,448543,6941,33565,8824082,16.60%
2024-10-11,386000,595848,4342,81353,8902326,16.75%
2024-10-14,378500,465851,-14947,-105864,8796436,16.55%
2024-10-15,386500,358081,13073,50202,8848191,16.65%
2024-10-16,386000,263105,-263,-15558,8862224,16.67%
2024-10-17,384000,255155,14464,-5315,8871111,16.69%
2024-10-18,386500,369776,-10810,21822,8894642,16.74%
2024-10-21,397500,455801,54858,52658,8947302,16.83%
2024-10-22,383500,511457,-16183,-73479,8875996,16.70%
2024-10-23,380500,529532,38224,-33688,8853079,16.66%
2024-10-24,382000,377726,29468,35827,8887274,16.72%
2024-10-25,374000,296491,-4812,-22115,8873114,16.69%
2024-10-28,379000,424312,-9937,-12801,8858497,16.67%
2024-10-29,386000,427296,-6389,-7325,8850255,16.60%
2024-10-30,379000,285280,-7646,-29509,8820411,16.54%
2024-10-31,376500,264895,10928,-21771,8816280,16.54%
2024-11-01,356500,538359,-4199,-29392,8780296,16.47%
2024-11-04,389500,1236773,64897,186974,8971356,16.83%
2024-11-05,381000,375785,-7654,-52562,8954842,16.79%
2024-11-06,391500,520288,21667,-1733,8873152,16.64%
2024-11-07,380000,571313,-5691,-91200,8780746,16.47%
2024-11-08,437000,2844967,-3177,239213,9013419,16.90%
2024-11-11,445500,925444,23576,-66918,8962370,16.81%
2024-11-12,439500,568941,13037,-100349,8874107,16.64%
2024-11-13,421500,1064677,17093,-142285,8735001,16.38%
2024-11-14,441500,948572,76044,71787,8798217,16.50%
2024-11-15,437500,440287,24164,-85170,8720359,16.36%
2024-11-18,407500,870924,-68600,-42339,8676901,16.27%
2024-11-19,376000,1304612,-18695,16827,8699940,16.32%
2024-11-20,350500,1722984,-96258,-95727,8611420,16.15%
2024-11-21,346500,5095425,-91858,-121482,8460319,15.87%
2024-11-22,292000,4645157,-62921,46895,8490414,15.92%
2024-11-25,331000,2365631,42751,-59107,8430051,15.81%
2024-11-26,297000,1758526,-26781,-313416,8114317,15.22%
2024-11-27,305500,1179028,53600,-14201,8103047,15.20%
2024-11-28,302500,853745,24048,-105292,7990252,14.99%
2024-11-29,280000,1295036,-15598,13114,8000811,15.01%
2024-12-02,302000,1204378,119393,77244,8079883,15.15%
2024-12-03,325000,1147622,41104,65482,8141481,15.27%
2024-12-04,318000,1409312,-44742,-113935,8022354,15.05%
2024-12-05,311000,640971,2630,-18810,8002819,15.01%
2024-12-06,306000,1086109,42307,36701,8035397,15.07%
2024-12-09,285000,1192141,49901,103199,8130234,15.25%
2024-12-10,318000,1250760,77567,50303,8187305,15.36%
2024-12-11,308000,645538,-15495,-138668,8048271,15.09%
2024-12-12,312500,1203599,-88614,-6786,8038031,15.08%
2024-12-13,317000,587113,38894,23554,8057629,15.11%
2024-12-16,310500,730264,-58224,-67340,7983454,14.97%
2024-12-17,301500,615191,-9071,-11973,7971577,14.95%
2024-12-18,297000,679099,-6044,-7073,7962018,14.93%
2024-12-19,286500,728493,-3334,-4826,7965744,14.94%
2024-12-20,277000,780652,-7345,13056,7963768,14.94%
2024-12-23,277000,783284,113712,25645,7986037,14.98%
2024-12-24,296000,1769852,221477,87073,8302896,15.57%
2024-12-26,301500,1439262,215259,22946,8330350,15.62%
2024-12-27,301000,1730717,-227338,-201787,8118187,15.23%
2024-12-30,309500,809120,-14943,69316,8187287,15.36%
2025-01-02,300000,593351,-80893,-146915,8051192,15.10%
2025-01-03,318500,739646,67983,160481,8213100,15.40%
2025-01-06,315500,577381,-30022,-118138,8114639,15.22%
2025-01-07,326000,794138,-4473,36866,8151808,15.29%
2025-01-08,310000,654854,-186130,-116401,8034164,15.07%
2025-01-09,309000,641125,-83854,6993,8063926,15.12%
2025-01-10,309500,335293,-38942,-6185,8056809,15.11%
2025-01-13,299000,339664,-32190,-20028,8031765,15.06%
2025-01-14,307500,244268,17696,29311,8061328,15.12%
2025-01-15,303500,199222,1716,-17485,7943685,14.90%
2025-01-16,312000,289445,28694,73193,8016561,15.04%
2025-01-17,307500,196849,-14665,-28578,7988071,14.98%
2025-01-20,318500,455776,51251,36694,8025680,15.05%
2025-01-21,325000,406203,-31004,-2389,8023616,15.05%
2025-01-22,342000,759686,37753,90247,8118330,15.23%
2025-01-23,347000,450376,-3116,16386,8134942,15.26%
2025-01-24,362000,580269,55731,61695,8200231,15.38%
2025-01-31,371500,507713,58523,-15913,8185845,15.35%
2025-02-03,352500,622851,-20899,-58820,8128546,15.25%
2025-02-04,374000,907257,-16009,199269,8334294,15.63%
2025-02-05,376000,718400,-73583,-148796,8186566,15.35%
2025-02-06,392000,672576,-48388,125042,8315619,15.60%
2025-02-07,391500,455077,-29319,-21921,8305882,15.58%
2025-02-10,392000,475080,-60492,-39927,8265326,15.50%
2025-02-11,378000,621324,-130732,-37478,8228463,15.43%
2025-02-12,377500,486787,-61356,35672,8264087,15.50%
2025-02-13,370500,517401,-39408,-34824,8230955,15.44%
2025-02-14,394000,788705,57765,108499,8338635,15.64%
2025-02-17,398500,517076,-40147,-44953,8294302,15.56%
2025-02-18,395000,442220,-23660,-9937,8284712,15.54%
2025-02-19,387000,436280,-14972,-19531,8265612,15.50%
2025-02-20,378000,603485,-64459,21938,8289607,15.55%
2025-02-21,392000,442073,17086,76521,8372806,15.70%
2025-02-24,383000,303447,-15416,-51739,8432533,15.82%
2025-02-25,393500,416909,11166,104480,8538069,16.01%
2025-02-26,393500,346183,14045,-11853,8526716,15.99%
2025-02-27,401500,510062,18,41047,8567651,16.07%
2025-02-28,387000,586240,42189,-158279,8406943,15.77%
2025-03-04,400000,459797,16449,80775,8513753,15.97%
2025-03-05,414000,501266,-17566,41231,8549280,16.03%
2025-03-06,390500,999302,35921,-281420,8265586,15.50%
2025-03-07,368500,1061159,-61574,-60294,8203039,15.38%
2025-03-10,372000,496624,-30194,7793,8212681,15.40%
2025-03-11,370000,396668,-27181,5241,8218421,15.41%
2025-03-12,361000,502310,-106291,-36896,8182557,15.35%
2025-03-13,375000,793596,3379,85792,8271832,15.51%
2025-03-14,392000,1029691,14375,74956,8352465,15.67%
2025-03-17,439500,2053323,-54500,-29570,8324660,15.61%
2025-03-18,443500,2019144,43611,7695,8342052,15.65%
2025-03-19,419000,1008979,-86206,-158498,8204614,15.39%
2025-03-20,373000,2409509,-18809,-39237,8230423,15.44%
2025-03-21,370000,1293766,18106,-26492,8200103,15.38%
2025-03-24,372500,384157,6054,2317,8199891,15.38%
2025-03-25,362000,360992,-33544,28740,8238783,15.45%
2025-03-26,362000,460857,32347,17108,8259204,15.49%
2025-03-27,352000,305984,-23602,-11759,8247193,15.47%
2025-03-28,352500,376195,-3092,-50022,8214473,15.41%
2025-03-31,356000,786038,154883,-123345,8091005,15.17%
2025-04-01,371500,450237,99565,18116,8064901,15.13%
2025-04-02,362500,307365,6398,-32725,8032453,15.06%
2025-04-03,365000,263657,16781,15702,8044239,15.09%
2025-04-04,363000,556110,45904,-52845,7973627,14.95%
2025-04-07,335500,655451,64947,-21610,7921310,14.86%
2025-04-08,360500,619341,72556,36342,7987944,14.98%
2025-04-09,347500,423036,32667,-75755,7884643,14.79%
2025-04-10,367000,416997,68173,7009,7917762,14.85%
2025-04-11,374500,385271,32344,18622,7940238,14.89%
2025-04-14,387000,350704,39126,12703,7954597,14.92%
2025-04-15,380000,231045,-28271,-32331,7874471,14.77%
2025-04-16,366500,302339,-33452,-14683,7947908,14.91%
2025-04-17,376000,181015,17995,17332,7990483,14.99%
2025-04-18,393000,570144,27727,44314,8089900,15.17%
2025-04-21,386500,193132,-9615,-16394,8060199,15.12%
2025-04-22,389000,250432,15433,36181,8042822,15.08%
2025-04-23,389000,214524,12595,7636,8022096,15.05%
2025-04-24,388500,163915,-945,22049,8066108,15.13%
2025-04-25,369000,516820,-54981,-21924,8051263,15.10%
2025-04-28,357000,430340,-21750,-17127,8023240,15.05%
2025-04-29,363000,161965,9729,18103,8039985,15.08%
2025-04-30,351000,300126,-62929,-1749,8027189,15.06%
2025-05-02,356500,157410,18111,19239,8041245,15.08%
2025-05-07,356500,330455,47801,-21938,8013754,15.03%
2025-05-08,352500,351222,9068,-47287,7964555,14.94%
2025-05-09,345000,202210,12457,-50626,7911627,14.84%
2025-05-12,336000,436334,-16699,-1806,7965012,14.94%
2025-05-13,348000,280972,56875,2201,7988206,14.98%
2025-05-14,335000,1093273,-72149,-232827,7697267,14.44%
2025-05-15,331000,405009,27310,7411,7709194,14.46%
2025-05-16,317500,562545,-26431,-127026,7578763,14.21%
2025-05-19,319500,243441,8620,29768,7641804,14.33%
2025-05-20,317500,223115,24866,-27002,7692400,14.43%
2025-05-21,326000,272740,24604,5653,7701227,14.44%
2025-05-22,323500,174402,-3113,-20761,7679343,14.40%
2025-05-23,323000,226294,-1007,-10033,7677664,14.40%
2025-05-26,331500,256257,42445,6840,7698395,14.44%
2025-05-27,344000,276614,-10064,-4661,7702075,14.45%
2025-05-28,333500,344117,54605,-101260,7587399,14.19%
2025-05-29,334500,193175,22126,-11823,7601957,14.22%
2025-05-30,330000,300581,17950,-48441,7557289,14.14%
2025-06-02,350000,426366,40834,120507,7697628,14.40%
2025-06-04,381000,783527,112511,103437,7925332,14.82%
2025-06-05,368500,383638,-20951,-73484,7721669,14.44%
2025-06-09,387500,555944,63891,91579,7777799,14.55%
2025-06-10,393000,385590,61179,6134,7778438,14.55%
2025-06-11,408000,629894,47316,158221,7975415,14.92%
2025-06-12,410500,478494,-1668,34029,8008872,14.98%
2025-06-13,385500,735665,-90159,-69160,7871465,14.72%
2025-06-16,405500,406893,32525,97863,8014880,14.99%
2025-06-17,397500,281659,-22748,22895,8024993,15.01%
2025-06-18,395000,331986,6142,-21104,7821473,14.63%
2025-06-19,387000,273679,-33634,-21621,7788490,14.57%
2025-06-20,390000,451701,60014,-28287,7780505,14.55%
2025-06-23,380000,271911,-13538,-20548,7831508,14.65%
2025-06-24,390000,323689,29342,9312,7850671,14.68%
2025-06-25,390000,325047,44976,-19953,7819096,14.62%
2025-06-26,385000,223581,-25138,-15513,7816720,14.62%
2025-06-27,380500,178338,-1873,-13239,7798424,14.59%
2025-06-30,372000,205267,8581,-1211,7795078,14.58%
2025-07-01,372500,166345,8444,-5272,7804083,14.60%
2025-07-02,392500,568488,60504,33171,7863431,14.71%
2025-07-03,398000,339650,25210,33894,7891001,14.76%
2025-07-04,375500,436740,-14340,-193793,7632785,14.28%
2025-07-07,417000,1006540,97791,375948,8062980,15.08%
2025-07-08,419000,400000,18174,41004,8102610,15.15%
2025-07-09,423500,373649,6493,37296,8132307,15.21%
2025-07-10,449000,918273,-31562,150858,8263133,15.46%
2025-07-11,439000,352929,25039,-12515,8220775,15.38%
2025-07-14,445000,267180,14400,-41440,8148780,15.24%
2025-07-15,469000,749330,20409,744,8141930,15.23%
2025-07-16,486000,902534,-66356,67515,8145852,15.24%
2025-07-17,488500,400333,-36286,12530,8135502,15.22%
2025-07-18,490000,462953,-29666,19819,8155948,15.25%
2025-07-21,483000,268393,-51917,47565,8213150,15.36%
2025-07-22,476000,474371,-65776,50373,8251700,15.43%
2025-07-23,479000,218595,-18217,15010,8234599,15.40%
2025-07-24,477000,222586,-7690,10026,8244698,15.42%
2025-07-25,462000,320214,-94152,43690,8291665,15.51%
2025-07-28,457000,219077,-40677,23174,8309543,15.54%
2025-07-29,456500,290753,-19005,7410,8316737,15.56%
2025-07-30,451500,220609,-30039,-17199,8297290,15.52%
2025-07-31,454000,316316,-32427,-3126,8295168,15.52%
2025-08-01,422000,458857,-66610,-207,8297552,15.52%
2025-08-04,432000,315061,26890,-106990,8189672,15.32%
2025-08-05,444000,330841,5369,-52191,8131449,15.21%
2025-08-06,439500,247924,2648,-33509,8095755,15.14%
2025-08-07,432000,219360,-27456,-25573,8071143,15.10%
2025-08-08,430000,197533,-12237,-32304,8031679,15.02%
2025-08-11,430000,245615,-205,-38448,7994563,14.95%
2025-08-12,434500,271164,-24056,-30613,7941252,14.85%
2025-08-13,449000,360514,-7281,-24100,7912507,14.80%
2025-08-14,437000,542100,29542,-135461,7743670,14.48%
2025-08-18,439500,304507,-9358,-1123,7797816,14.58%
2025-08-19,427000,341276,-21495,-31095,7757212,14.51%
2025-08-20,421000,253873,6997,-12103,7677145,14.36%
2025-08-21,405500,307329,-78970,-13993,7657666,14.32%
2025-08-22,422000,387086,5521,-12718,7665694,14.34%
2025-08-25,438000,258652,55007,-6971,7667073,14.34%
2025-08-26,442500,317051,35431,7956,7674813,14.35%
2025-08-27,423000,419680,-68675,-112999,7540877,14.10%
2025-08-28,418000,202873,-18186,-22918,7517829,14.06%
2025-08-29,438500,452458,38161,-38779,7498106,14.02%
2025-09-01,455000,678241,97776,5852,7527153,14.08%
2025-09-02,462500,295728,23790,-7281,7516464,14.06%
2025-09-03,463500,200650,-9026,12034,7524234,14.07%
2025-09-04,467500,230518,9594,24272,7550659,14.12%
2025-09-05,475500,269046,-7221,41080,7593516,14.20%
2025-09-08,478000,280547,-13675,-52276,7532061,14.09%
2025-09-09,476500,376762,-42634,15807,7546191,14.11%
2025-09-10,486000,346817,6681,59322,7619435,14.25%
2025-09-11,473000,440534,-91932,-24954,7577471,14.17%
2025-09-12,491500,435747,14643,137231,7735228,14.47%
2025-09-15,491500,223630,-18986,-22520,7698655,14.40%
2025-09-16,493000,208686,-18329,-4296,7674829,14.35%
2025-09-17,473000,425687,-67110,-123986,7538745,14.10%
2025-09-18,473500,272340,-17438,-13521,7474696,13.98%
2025-09-19,472500,365957,10131,-15294,7465027,13.96%
2025-09-22,507000,1005543,-89825,91946,7565297,14.15%
2025-09-23,482000,769148,-113928,-199673,7331844,13.71%
2025-09-24,464500,568927,-99363,-48372,7280101,13.62%
2025-09-25,455000,355928,-9663,-59906,7221042,13.51%
2025-09-26,447000,355773,-10471,-60845,7181513,13.43%
2025-09-29,466000,315021,49760,3420,7235278,13.53%
2025-09-30,458000,216723,-10157,-50619,7196668,13.45%
2025-10-01,458000,167320,3151,-9003,7198666,13.45%
2025-10-02,471500,370417,64751,-26729,7186379,13.43%
2025-10-10,461000,272479,-35448,-32483,7143529,13.35%
2025-10-13,444000,316880,-70668,-8146,7129953,13.33%
2025-10-14,446000,422377,16529,15350,7188843,13.44%
2025-10-15,445000,263546,-15282,-40030,7136584,13.34%
2025-10-16,432000,438346,-106443,25189,7167170,13.40%
2025-10-17,433000,428751,-11053,42072,7221009,13.50%
2025-10-20,442500,242662,29705,-13306,7203748,13.46%
2025-10-21,443000,224573,-27654,9280,7217884,13.49%
2025-10-22,451500,302361,-17709,19898,7232459,13.52%
2025-10-23,453000,211966,-16917,-8453,7243861,13.54%
2025-10-24,446000,284033,-21431,-5936,7233862,13.52%
2025-10-27,483500,762043,115656,121062,7390040,13.81%
2025-10-28,476000,324248,8222,-8895,7371079,13.78%
2025-10-29,466500,291161,-25683,-5777,7356519,13.75%
2025-10-30,472000,343012,16149,9080,7371633,13.78%
2025-10-31,488500,531464,78433,96448,7472284,13.97%
2025-11-03,523000,804346,117909,228252,7724866,14.44%
2025-11-04,549000,1069609,127267,160835,7934677,14.83%
2025-11-05,529000,793188,62622,-129144,7761725,14.51%
2025-11-06,547000,763513,92460,-44513,7726459,14.44%
2025-11-07,528000,443918,30235,-24345,8170515,15.27%
2025-11-10,522000,328253,22184,-34436,8124764,15.18%
2025-11-11,510000,428387,-9582,10897,8138695,15.21%
2025-11-12,547000,652193,113834,27651,8159041,15.25%
2025-11-13,549000,566185,22831,21874,8279606,15.47%
2025-11-14,554000,668547,47231,-2545,8185566,15.30%
2025-11-17,548000,283747,30162,-47455,8131168,15.20%
2025-11-18,559000,557173,31348,-23745,8044314,15.03%
2025-11-19,544000,375909,9728,-66973,7984694,14.92%
2025-11-20,557000,336689,-6692,76001,8071398,15.09%
2025-11-21,541000,242572,-19386,-32657,8000342,14.95%
2025-11-24,527000,339295,481,-37721,7962904,14.88%
2025-11-25,518000,302677,-12622,27358,7998296,14.95%
2025-11-26,518000,284154,-4160,2745,8016038,14.98%
2025-11-27,521000,231291,-386,-1469,8004140,14.96%
2025-11-28,533000,471784,58037,-9249,8028738,15.01%
2025-12-01,542000,356210,77187,14038,8135503,15.20%
2025-12-02,521000,359261,-14003,-116959,7989730,14.93%
2025-12-03,522000,224874,-11352,1628,8006673,14.96%
2025-12-04,519000,282957,19438,-49705,7954972,14.87%
2025-12-05,456500,2815855,-322164,-300939,7550280,14.11%
2025-12-08,458000,573548,-25818,-22261,7550047,14.11%
2025-12-09,457000,389081,5078,-95353,7485503,13.99%
2025-12-10,456500,338181,-8472,-33534,7489396,14.00%
2025-12-11,453500,501583,-48771,19787,7541213,14.09%
2025-12-12,433000,699191,-57078,4429,7553317,14.12%
2025-12-15,436000,396635,-48817,-53821,7496696,14.01%
2025-12-16,423500,382905,-10896,23806,7533279,14.08%
2025-12-17,421000,545351,37404,2545,7513897,14.04%
2025-12-18,431000,482527,39738,-12296,7454876,13.93%
2025-12-19,448000,767343,159859,-37678,7430312,13.89%
2025-12-22,439500,336831,13536,-39351,7378643,13.79%
2025-12-23,439500,430606,66587,43364,7442571,13.91%
2025-12-24,430000,474574,38778,101127,7536994,14.09%
2025-12-26,439000,1024092,166661,171484,7754516,14.49%
2025-12-29,455000,712265,-23003,-152535,7555583,14.12%
2025-12-30,449500,318179,-45316,-71806,7465226,13.95%
2026-01-02,457000,374917,30850,-15077,7401815,13.83%
2026-01-05,468500,466838,19582,64827,7468641,13.96%
2026-01-06,474000,361600,-5720,-21986,7474999,13.97%
2026-01-07,471000,394844,-59852,2477,7449946,13.92%
2026-01-08,478500,444992,-18670,60920,7524777,14.06%
2026-01-09,511000,781220,51871,138071,7718993,14.43%
2026-01-12,475500,740896,-132817,-178027,7496113,14.01%
2026-01-13,477500,508943,-33751,1249,7476809,13.97%
2026-01-14,467000,356764,-34689,4071,7423950,13.88%
2026-01-15,470500,287350,13417,-8454,7423595,13.87%
2026-01-16,518000,2365666,80007,147749,7615875,14.23%
2026-01-19,496000,721189,-100335,-97620,7445197,13.91%
2026-01-20,481000,1543883,52877,-17584,7431591,13.89%
2026-01-21,373500,7182318,-1581877,-78115,7039913,13.16%
2026-01-22,370000,2054559,-182013,-48376,6979465,13.04%
2026-01-23,387500,1748539,80230,75464,7170189,13.40%
2026-01-26,406000,1727761,381774,-101102,7116177,13.30%
2026-01-27,408000,985930,241552,-27854,7102294,13.27%
2026-01-28,435000,1742935,362272,164836,7316636,13.67%
2026-01-29,430000,1182156,235535,-90836,7253131,13.56%
2026-01-30,413000,850110,162455,-21998,7213323,13.48%
2026-02-02,394000,874995,-95990,78601,7324970,13.69%
2026-02-03,403000,529146,127512,-34684,7277092,13.60%
2026-02-04,395000,460081,-16645,-28007,7222526,13.50%
2026-02-05,376500,589367,-74493,-23523,7197284,13.45%
2026-02-06,361000,545120,36954,-11465,7210012,13.48%
2026-02-09,386000,412183,111497,-30385,7222694,13.50%
2026-02-10,378000,284099,6467,-29469,7150213,13.36%
2026-02-11,385000,350596,43190,17902,7187413,13.43%
2026-02-12,390000,420418,112079,-65717,7107475,13.28%
2026-02-13,382000,219545,-2584,-13609,7095437,13.26%
2026-02-19,411500,806219,381107,120733,7296174,13.64%
2026-02-20,402000,299250,25800,-34318,7234438,13.52%
2026-02-23,406000,386572,12826,39264,7296025,13.64%
2026-02-24,408000,261727,-11365,4533,7285030,13.62%
2026-02-25,402000,243048,-33333,-14726,7262021,13.57%
2026-02-26,403000,407938,32349,101565,7387696,13.81%
2026-02-27,407500,437970,73383,63066,7424822,13.88%
2026-03-03,383000,507292,-4565,53291,7465810,13.95%
2026-03-04,332000,759912,47343,86786,7564760,14.14%
2026-03-05,372000,641312,70114,58108,7624443,14.25%
2026-03-06,373000,312462,-14020,917,7612104,14.23%
2026-03-09,366500,310934,24862,35814,7624807,14.25%
2026-03-10,375500,314319,-51698,55354,7671767,14.34%
2026-03-11,360000,544892,-164576,-128999,7521079,14.06%
2026-03-12,372500,663706,13391,-52754,7463985,13.95%
2026-03-13,361500,215480,-34547,13515,7483085,13.99%
2026-03-16,355000,188963,-47602,20665,7472553,13.97%
2026-03-17,354500,205829,-13248,35747,7507928,14.03%
2026-03-18,355000,239238,22398,-21939,7489869,14.00%
2026-03-19,360000,291881,-24195,31432,7481374,13.98%
2026-03-20,353500,233537,-38138,-13624,7465009,13.94%
2026-03-23,330500,278760,-57732,44026,7437127,13.89%
2026-03-24,355500,366457,37428,83148,7557837,14.12%
2026-03-25,358500,214380,7392,46117,7565163,14.13%
2026-03-26,381000,928970,97540,-180836,7382052,13.79%
2026-03-27,381000,406290,48725,-44856,7343828,13.72%
2026-03-30,354500,279419,-46267,-26082,7360778,13.75%
2026-03-31,341500,404673,32442,-8639,7354776,13.74%
2026-04-01,360000,262135,48601,20698,7345523,13.72%
2026-04-02,352000,339464,926,17637,7366278,13.76%
2026-04-03,365500,434877,48639,63525,7456048,13.93%
2026-04-06,362000,229932,15563,-5361,7454240,13.92%
2026-04-07,354000,191491,-661,-5244,7436512,13.89%
2026-04-08,374500,362154,166833,-8171,7439254,13.90%
2026-04-09,370000,318702,-29212,-26570,7430861,13.88%
2026-04-10,361500,197687,-83031,-33287,7392556,13.81%
2026-04-13,353500,209597,-38176,-38894,7516536,14.04%
2026-04-14,353000,170578,-5253,-13683,7451684,13.92%
2026-04-15,373000,342452,84242,92634,7582996,14.16%
2026-04-16,369500,206165,-18563,-13604,7563416,14.13%
2026-04-17,366000,142239,-37713,-9533,7543364,14.09%
2026-04-20,371500,284177,-6909,61766,7617943,14.23%
2026-04-21,369000,231892,3126,-30779,7583242,14.17%
2026-04-22,359500,267586,-75468,-37716,7544369,14.09%
2026-04-23,357500,289909,-31200,-31437,7524475,14.06%
2026-04-24,369000,333849,17729,137322,7688895,14.36%
2026-04-27,379000,375682,42396,40597,7752336,14.48%
2026-04-28,376500,305627,-54278,15322,7749856,14.48%
2026-04-29,380000,302463,120,10773,7733120,14.45%
2026-04-30,368500,263102,-42678,-14521,7698355,14.38%
2026-05-04,373000,347544,-11231,65161,7782570,14.54%
2026-05-06,363500,281703,-43594,-6260,7750192,14.48%
2026-05-07,356500,276735,-24193,-14862,7734728,14.45%
2026-05-08,340500,508739,-97285,-90661,7598038,14.19%
2026-05-11,325000,407754,-104286,-18782,7573548,14.15%
2026-05-12,342000,631389,55650,128109,7767930,14.51%
2026-05-13,354000,1391758,34661,-123855,7607086,14.21%
2026-05-14,385000,1116911,56379,212436,7924146,14.80%
2026-05-15,369000,706370,5850,-78600,7797502,14.57%
2026-05-18,357500,490438,-13072,-66312,7686887,14.34%
2026-05-19,366500,754483,67674,-42540,7630279,14.24%
2026-05-20,359500,436772,47417,-47664,7581519,14.15%
2026-05-21,351500,444911,-23872,-29380,7541535,14.07%
2026-05-22,364500,748378,51563,148954,7744860,14.45%
2026-05-26,365500,464199,28015,-75626,7655570,14.29%
2026-05-27,386500,948649,177641,124100,7942052,14.82%
2026-05-28,369500,474757,28932,-59350,7922620,14.78%
2026-05-29,369000,524776,63376,-52380,7774084,14.51%
2026-06-01,366000,637892,32463,-11369,7785275,14.53%
2026-06-02,357000,519988,60986,-23947,7816053,14.59%
2026-06-04,346500,393271,-28691,-52068,7737782,14.44%
2026-06-05,332500,317313,-8680,-8224,7648928,14.27%
2026-06-08,289500,571827,-100490,11366,7555903,14.10%
2026-06-09,326500,742097,33700,129702,7708701,14.39%
2026-06-10,315000,280940,-30903,21730,7703841,14.38%
2026-06-11,347000,931418,55286,48956,7762484,14.49%
2026-06-12,337000,465932,-13395,-11799,7689576,14.35%
2026-06-15,349000,470446,-13063,70213,7802476,14.56%
2026-06-16,352500,323971,-23876,-2936,7828127,14.61%
2026-06-17,373000,666473,110951,1608,7884870,14.71%
2026-06-18,369500,419564,24244,5225,7860674,14.67%
2026-06-19,353500,578223,-68446,21732,7854533,14.66%
2026-06-22,350500,271277,26145,-2138,7839536,14.63%
2026-06-23,333000,441868,51648,-14351,7842383,14.64%
2026-06-24,371500,817479,204140,94672,7996483,14.92%
2026-06-25,375000,864906,57186,31576,8039051,15.00%
2026-06-26,343500,564203,19625,-134984,7824721,14.60%
2026-06-29,373000,686307,144176,-50031,7816805,14.59%
2026-06-30,361000,432302,-8724,-81139,7699227,14.37%
2026-07-01,358000,439869,13207,-39945,7640565,14.26%
2026-07-02,351500,392958,32665,-64494,7542934,14.08%
2026-07-03,341500,439497,-15229,-22452,7505683,14.01%
2026-07-06,331000,266040,8222,-35302,7449307,13.90%
2026-07-07,337500,355590,55687,17406,7534148,14.06%
2026-07-08,313500,452829,-56229,5047,7534487,14.06%
2026-07-09,300000,483783,6727,51471,7555628,14.10%
2026-07-10,324000,531416,71885,67628,7670486,14.31%
2026-07-13,316500,427149,439,-33776,7654074,14.28%
2026-07-14,279500,1323134,-119995,27964,7651410,14.28%
2026-07-15,288500,694206,-140090,-64795,7553426,14.10%
2026-07-16,276500,312416,-51697,14677,7571486,14.13%
2026-07-20,269500,393316,-28794,-8196,7588126,14.16%
2026-07-21,273000,311973,33978,43191,7648828,14.27%
2026-07-22,268000,292253,-67462,37362,7695178,14.36%
2026-07-23,306500,556827,70910,136160,7931190,14.80%
2026-07-24,300500,378171,-10709,31856,7940469,14.82%
2026-07-27,312000,330539,106802,-59068,7937145,14.81%
2026-07-28,296500,307992,18494,-48610,7850350,14.65%
2026-07-29,282500,483798,76346,-51288,7717162,14.40%
2026-07-30,279500,327934,-19595,18947,7827000,14.61%
2026-07-31,308500,350320,-9617,64404,7902028,14.75%
2026-08-03,317500,301673,-940,-2534,7895489,14.73%
2026-08-04,347000,571972,103355,42052,7952621,14.84%
2026-08-05,277000,637092,-112347,-153043,7691250,14.35%
2026-08-06,293500,764630,76391,-18377,7743206,14.45%
2026-08-07,305000,495569,5335,-18967,7806966,14.57%
2026-08-10,348000,1033262,147936,116197,7991612,14.91%
2026-08-11,327500,745854,-169075,-83796,7848933,14.65%
2026-08-12,317500,454346,-122456,-7647,7821106,14.60%
2026-08-13,317500,664330,-34415,-58170,7763635,14.49%
2026-08-14,314000,375775,-99653,56784,7790945,14.54%
2026-08-18,298000,456936,-122052,69326,7872349,14.69%
2026-08-19,303500,360184,28903,44987,7914013,14.77%
2026-08-20,339500,1019594,156382,87887,8074547,15.07%
2026-08-21,320000,491494,-30835,-61017,7973182,14.88%
2026-08-24,320500,376465,11459,22383,8000752,14.93%
2026-08-25,305500,318030,-76311,-25376,10604575,19.79%
2026-08-26,311500,770565,-14657,75389,10786979,15.49%
2026-08-27,311500,368961,12609,41866,10834524,15.55%
2026-08-28,320000,615333,98631,76875,10952157,15.72%
2026-08-31,307500,656406,-25785,-118301,10751454,15.44%
2026-09-01,301000,281391,-80619,35173,10770683,15.46%
2026-09-02,298500,2219578,-116942,-316139,10417970,14.96%
2026-09-03,283000,1248714,-178283,-245300,10030627,14.40%
2026-09-04,288500,613855,27042,52680,10083307,14.48%
