case_id,종목명,종목코드,시장,업종,벤치마크,이슈유형,기준일,핵심일자,유형코드,스코어총점,밴드,최근_초과,RS_최저,RS_최저일,RS_최고,RS_최고일,RS_현재,결과태그,핵심패턴태그,케이스파일,대시보드,거래대금상위15중상승,개인순매수_억,외국인순매수_억,기관순매수_억,외인부호일치,개인역부호일치,유통비율,평균회전율_유동시총,최근20일회전율,회전율부호일치
1,이수페타시스,007660,KOSPI,PCB(고다층MLB),KOSPI,유상증자,2024-11-08,공시 2024-11-08(장마감후),G(F55%+C45%)·희석률13.84%,5,중립·판단보류,+98.7%p,68.6,2024-12-12,304.4,2025-11-27,137.8,결과_상승,악재분해|철회반등|희석돌파|규제개입|공시신뢰훼손|발행가상향|상대강도반납,cases/유상증자/2024-11_이수페타시스_007660.md,dist/007660_dashboard.html,14/15,-7671,-3165,10800,4/4,4/4,73.5%,4.59%,1.20%,2/4
2,삼성SDI,006400,KOSPI,2차전지·ESS,KOSPI,유상증자,2025-03-13,공시 2025-03-14(장중),C실질100%(형식상타법인취득78.6%)·희석률14.67%,2,중립·판단보류(감점강등),+14.5%p,68.9,2025-07-10,137.1,2026-04-29,105.6,결과_횡보,사이클역행증자|수요지연|대주주참여|발행가하향|실질분류,cases/유상증자/2025-03_삼성SDI_006400.md,dist/006400_dashboard.html,12/15,-12009,-1950,14428,2/4,2/4,72.0%,1.03%,0.82%,4/4
3,에코프로머티리얼즈,450080,KOSPI,2차전지 전구체,KOSPI,지수편입,2023-11-17,발표 2023-12-08 / 편입 2023-12-15,I4-코스피200특례-L,-26,회피,-208.1%p,21.0,2026-07-09,407.7,2024-01-10,23.1,결과_하락,거품편입|선반영과열|재료소진|편출위험,cases/지수편입/2023-12_에코프로머티리얼즈_450080.md,dist/450080_dashboard.html,11/15,1395,-5842,4788,3/4,3/4,53.6%,2.81%,0.83%,4/4
4,알테오젠,196170,KOSDAQ,바이오(ALT-B4),KOSDAQ,지수편입,2024-03-05,발표 2024-05-15 / 편입 2024-05-31,I1-MSCI정기리뷰-N,14,I1형 우량,+101.2%p,83.2,2024-04-05,292.0,2024-11-14,207.8,결과_상승,덤편입|선반영없음|종속변수편입,cases/지수편입/2024-05_알테오젠_196170.md,dist/196170_dashboard.html,9/15,-9636,4671,5011,3/4,3/4,79.6%,1.85%,1.23%,3/4
5,포스코퓨처엠,003670,KOSPI,2차전지 소재,KOSPI,유상증자,2025-05-12,공시 2025-05-13 / 신주상장 2025-08-08,G(C실질73.3%+운영자금26.7%)·희석률12.91%,-4,중립·판단보류(감점강등→부정),-102.7%p,41.6,2026-06-25,134.0,2025-10-24,59.9,결과_하락,혼합용도|운영자금|사이클역행증자|수요지연|대주주참여|발행가상향|상대강도반납,cases/유상증자/2025-05_포스코퓨처엠_003670.md,dist/003670_dashboard.html,,-3288,749,2497,1/4,3/4,36.8%,1.34%,1.18%,4/4
6,LS마린솔루션,060370,KOSDAQ,해저케이블 시공·해상풍력,KOSDAQ,유상증자,2025-05-26,공시 2025-05-26(장마감후) / 신주상장 2025-08-28,C시설자금100%·희석률37.46%,1,중립·판단보류(감점강등→부정),+69.1%p,90.8,2025-05-30,176.5,2025-07-02,161.6,결과_상승,시설투자|주주배정|발행가상향|대주주참여|희석돌파|기대선반영|공시신뢰훼손|사이클초입|반복증자,cases/유상증자/2025-05_LS마린솔루션_060370.md,dist/060370_dashboard.html,15/15,-667,86,581,1/4,3/4,29.2%,5.41%,0.63%,3/4
7,에코프로머티리얼즈,450080,KOSPI,2차전지 전구체,KOSPI,유상증자,2025-03-26,공시 2025-03-26 / 납입 2025-04-07 / 전환청구 개시 2026-04-09,G(E75.8%+운영자금24.2%)·제3자배정RCPS·잠재희석률6.84%,-10,회피(부정→필수감점 강등),-199.3%p,19.2,2026-07-09,101.6,2025-03-27,21.2,결과_하락,실질분류|대주주불참|반복증자|규제개입|공시신뢰훼손|사이클역행증자|개인받이,cases/유상증자/2025-03_에코프로머티리얼즈_450080.md,dist/450080_rcps_dashboard.html,,3858,-4732,704,3/3,3/3,53.6%,1.92%,0.83%,3/3
8,SK이노베이션,096770,KOSPI,정유·에너지·배터리,KOSPI,유상증자,2025-07-29,공시 2025-07-30 / 납입 2025-08-18 / 신주상장 2025-09-05,A채무상환100%·제3자배정단순자금·희석률10.66%,-11,부정(반복증자 감점→회피),-83.0%p,30.6,2026-06-25,104.3,2025-07-30,59.9,결과_하락,채무상환|반복증자|시장가배정|PRS|유가민감|배터리캐즘,cases/유상증자/2025-07_SK이노베이션_096770.md,dist/096770_dashboard.html,11/15,-6439,7644,6320,1/4,2/4,38.8%,0.79%,1.71%,1/4
9,한화에어로스페이스,012450,KOSPI,방산·항공우주·조선,KOSPI,유상증자,2025-03-20,공시 2025-03-20(장마감후) / 제3자배정 상장 2025-05-15 / 주주배정 상장 2025-07-21,G(C실질81.0%+E관련19.0%)·합산희석률11.60%,4,중립·판단보류(감점강등→부정),-105.2%p,43.5,2026-06-30,126.3,2025-05-07,58.5,결과_상승후반납,수주연계증설|발행가상향|대주주참여|기대선반영|상대강도반납,cases/유상증자/2025-03_한화에어로스페이스_012450.md,dist/012450_dashboard.html,12/15,-15892,9712,6257,3/4,3/4,62.7%,1.38%,0.53%,
11,LIG디펜스앤에어로스페이스,079550,KOSPI,방산·유도무기·항공우주,KOSPI,유상증자,2026-06-25,공시 2026-06-26(장 시작 전) / 정정 2026-09-04 / 납입 예정 2026-11-13,C시설자금100%·제3자배정비상장우선주·경제적희석률4.97%,5,중립·판단보류(필수감점→부정),+6.7%p,97.1,2026-06-30,150.5,2026-08-10,108.6,결과_진행중,수주연계증설|발행가하향|시설투자,cases/유상증자/2026-06_LIG디펜스앤에어로스페이스_079550.md,dist/079550_dashboard.html,,-896,1909,-978,,,60.9%,1.06%,0.84%,
12,HLB제약,047920,KOSDAQ,제약(제네릭·개량신약),KOSDAQ,유상증자,2026-05-13,공시 2026-05-13 / 금감원 정정요구 2026-05-27 / 1차 발행가 2026-08-03 / 신주상장 2026-10-07(예정),최초G(C45.8%+B54.2%)→최종C시설자금90.4%·희석률24.71%,-3,중립·판단보류(필수감점 2건→부정),-14.2%p,58.4,2026-07-13,116.7,2026-07-09,79.5,결과_진행중,규제개입|발행가하향|시설투자|주주배정|반복증자|대주주부분참여|신주인수권매각,cases/유상증자/2026-05_HLB제약_047920.md,dist/047920_dashboard.html,,20,-10,-3,1/3,1/3,79.1%,1.02%,0.68%,3/3
13,삼성바이오로직스,207940,KOSPI,바이오 CDMO,KOSPI,유상증자,2026-08-27,공시 2026-08-28 / 확정발행가 11-04 / 청약 11-09~10 / 신주상장 11-30,G(E90.2%+C9.8%)·주주배정후실권주일반공모·희석률4.67%,12,조건부긍정→중립·판단보류(감점2건),-6.0%p,93.8,2026-09-04,100.0,2026-08-27,93.8,결과_진행중,M&A관련다각화|시설투자|혼합용도|개인받이,cases/유상증자/2026-08_삼성바이오로직스_207940.md,dist/207940_rights_dashboard.html,,387,-54,-374,3/3,3/3,25.5%,0.52%,0.42%,
14,씨앤씨인터내셔널,352480,KOSDAQ,색조화장품 ODM,KOSDAQ,유상증자,2025-05-22,공시 2025-05-23 / 본계약·구주단가공개 2025-08-29 / 납입 2025-10-17 / 신주상장 2025-10-31,G(타법인취득·대상미정69.0%+C시설31.0%)·제3자배정(PE)·희석률26.53%,-17,부정(필수감점 2건→회피),-68.9%p,27.2,2026-05-21,100.0,2025-05-22,39.9,결과_하락,혼합용도|사이클역행증자|반복증자|대주주불참|개인받이|회전랠리|공시신뢰훼손,cases/유상증자/2025-05_씨앤씨인터내셔널_352480.md,dist/352480_dashboard.html,,231,-127,-105,4/5,4/5,22.5%,2.94%,0.85%,3/5
15,한국피아이엠,448900,KOSDAQ,자동차·전자 정밀부품(MIM),KOSDAQ,유상증자,2025-04-04,최초결의 2025-02-14 / 공모가확정 2025-03-24 / 코스닥이전상장 2025-04-04,G(D63.4%+C36.6%)·일반공모이전상장·실제희석률15.37%,-3,중립·판단보류(필수감점3건→부정),+188.2%p,60.7,2025-09-04,637.6,2026-03-10,257.3,결과_상승,오버행소화|반복증자|개인받이|수요지연|시설투자|실질분류,cases/유상증자/2025-02_한국피아이엠_448900.md,dist/448900_dashboard.html,13/15,-198,-26,444,4/4,4/4,53.1%,14.21%,2.97%,4/4
16,넥사다이내믹스,351320,KOSDAQ,디스플레이·반도체 장비·스마트솔루션,KOSDAQ,유상증자,2025-02-03,공시 2025-02-03 / 현물출자 변경 2025-05-12 / 납입 2025-08-14 / 신주상장 2025-09-05,최초A운영자금100%→최종F비관련부동산100%·제3자배정현물출자·희석률23.62%,-17,부정(필수감점→회피)·T1 -19회피,+89.6%p,28.9,2026-03-05,176.7,2026-09-07,176.7,결과_하락후외생반등,실질분류|목적변경|현물출자|특수관계인거래|경영권이전증자|반복증자|공시신뢰훼손,cases/유상증자/2025-02_넥사다이내믹스_351320.md,dist/351320_dashboard.html,14/15,-9,18,-8,3/5,4/5,70.9%,1.18%,6.20%,2/5
17,한울앤제주,276730,KOSDAQ,수제맥주(구 제주맥주),KOSDAQ,유상증자,2025-11-14,공시 2025-11-17 / 납입 2025-11-25 / 신주상장·유형자산양수 철회 2025-12-17 / 10:1 무상감자 기준일 2026-04-13,표기C시설자금100%(세부내역 미정)→실질F 비관련부동산→용도소멸·제3자배정단순자금·희석률29.22%,-27,회피(필수감점 3건),-58.8%p,24.6,2026-03-13,111.3,2026-07-20,35.2,결과_하락,경영권이전증자|특수관계인거래|용도소멸|무상감자|반복증자|공시신뢰훼손|규제개입|대주주불참|실질분류|발행가하향|회전랠리,cases/유상증자/2025-11_한울앤제주_276730.md,dist/276730_dashboard.html,8/15,10,-6,1,2/4,2/4,51.2%,1.34%,2.77%,4/4
18,부광약품,003000,KOSPI,제약(CNS·대사질환),KOSPI,유상증자,2025-03-27,공시 2025-03-28(장중) / 납입 2025-07-16 / 신주상장 2025-07-28,G(C55.5%+E39.2%+D5.3%)·주주배정후실권주일반공모·희석률30.62%,7,중립·판단보류(필수감점→부정),-168.5%p,28.9,2026-06-26,111.9,2026-03-27,37.2,결과_횡보,시설투자|M&A관련다각화|실질분류|주주배정|사이클초입|발행가하향|대주주참여|상대강도반납,cases/유상증자/2025-03_부광약품_003000.md,dist/003000_dashboard.html,12/15,-139,74,68,0/4,3/4,82.1%,0.928%,0.699%,
19,아이씨티케이,456010,KOSDAQ,보안 반도체·양자내성암호,KOSDAQ,유상증자,2025-10-27,공시 2025-10-27 / 개발계약 10-28 / 납입 12-19 / 신주상장 2026-01-15,C시설자금100%·제3자배정전략적·희석률3.26%,10,조건부긍정→중립·판단보류(필수감점2건),+3.0%p,68.9,2026-03-23,181.6,2026-05-27,103.3,결과_진행중,수주연계증설|시장가배정|반복증자|상대강도반납,cases/유상증자/2025-10_아이씨티케이_456010.md,dist/456010_dashboard.html,13/15,18,105,-80,4/4,4/4,70.4%,16.33%,2.05%,3/4
