observation_date,DJFUELUSGULF
2020-12-01,1.231
2020-12-02,1.251
2020-12-03,1.295
2020-12-04,1.282
2020-12-07,1.286
2020-12-08,1.295
2020-12-09,1.281
2020-12-10,1.306
2020-12-11,1.314
2020-12-14,1.338
2020-12-15,1.346
2020-12-16,1.350
2020-12-17,1.373
2020-12-18,1.388
2020-12-21,1.350
2020-12-22,1.324
2020-12-23,1.363
2020-12-24,1.360
2020-12-25,
2020-12-28,1.343
2020-12-29,1.353
2020-12-30,1.355
2020-12-31,1.340
2021-01-01,
2021-01-04,1.312
2021-01-05,1.376
2021-01-06,1.371
2021-01-07,1.380
2021-01-08,1.424
2021-01-11,1.412
2021-01-12,1.463
2021-01-13,1.462
2021-01-14,1.473
2021-01-15,1.433
2021-01-18,
2021-01-19,1.443
2021-01-20,1.442
2021-01-21,1.444
2021-01-22,1.421
2021-01-25,1.464
2021-01-26,1.409
2021-01-27,1.424
2021-01-28,1.418
2021-01-29,1.417
2021-02-01,1.454
2021-02-02,1.484
2021-02-03,1.505
2021-02-04,1.521
2021-02-05,1.527
2021-02-08,1.567
2021-02-09,1.569
2021-02-10,1.569
2021-02-11,1.554
2021-02-12,1.581
2021-02-15,
2021-02-16,1.632
2021-02-17,1.659
2021-02-18,1.624
2021-02-19,1.618
2021-02-22,1.671
2021-02-23,1.717
2021-02-24,1.754
2021-02-25,1.729
2021-02-26,1.682
2021-03-01,1.645
2021-03-02,1.636
2021-03-03,1.655
2021-03-04,1.719
2021-03-05,1.769
2021-03-08,1.710
2021-03-09,1.702
2021-03-10,1.722
2021-03-11,1.760
2021-03-12,1.760
2021-03-15,1.748
2021-03-16,1.728
2021-03-17,1.686
2021-03-18,1.579
2021-03-19,1.622
2021-03-22,1.633
2021-03-23,1.540
2021-03-24,1.645
2021-03-25,1.573
2021-03-26,1.604
2021-03-29,1.610
2021-03-30,1.588
2021-03-31,1.571
2021-04-01,1.624
2021-04-02,
2021-04-05,1.582
2021-04-06,1.596
2021-04-07,1.604
2021-04-08,1.610
2021-04-09,1.805
2021-04-12,1.623
2021-04-13,1.632
2021-04-14,1.696
2021-04-15,1.710
2021-04-16,1.699
2021-04-19,1.701
2021-04-20,1.682
2021-04-21,1.644
2021-04-22,1.661
2021-04-23,1.670
2021-04-26,1.673
2021-04-27,1.703
2021-04-28,1.724
2021-04-29,1.729
2021-04-30,1.689
2021-05-03,1.722
2021-05-04,1.762
2021-05-05,1.755
2021-05-06,1.749
2021-05-07,1.750
2021-05-10,1.749
2021-05-11,1.770
2021-05-12,1.810
2021-05-13,1.736
2021-05-14,1.775
2021-05-17,1.777
2021-05-18,1.772
2021-05-19,1.738
2021-05-20,1.672
2021-05-21,1.699
2021-05-24,1.765
2021-05-25,1.750
2021-05-26,1.763
2021-05-27,1.773
2021-05-28,1.759
2021-05-31,
2021-06-01,1.797
2021-06-02,1.823
2021-06-03,1.818
2021-06-04,1.828
2021-06-07,1.829
2021-06-08,1.854
2021-06-09,1.819
2021-06-10,1.841
2021-06-11,1.822
2021-06-14,1.847
2021-06-15,1.855
2021-06-16,1.834
2021-06-17,1.826
2021-06-18,1.863
2021-06-21,1.899
2021-06-22,1.933
2021-06-23,1.939
2021-06-24,1.903
2021-06-25,1.882
2021-06-28,1.876
2021-06-29,1.884
2021-06-30,1.883
2021-07-01,1.897
2021-07-02,1.934
2021-07-05,
2021-07-06,1.870
2021-07-07,1.837
2021-07-08,1.878
2021-07-09,1.902
2021-07-12,1.923
2021-07-13,1.954
2021-07-14,1.904
2021-07-15,1.864
2021-07-16,1.865
2021-07-19,1.747
2021-07-20,1.846
2021-07-21,1.839
2021-07-22,1.886
2021-07-23,1.890
2021-07-26,1.913
2021-07-27,1.899
2021-07-28,1.901
2021-07-29,1.940
2021-07-30,1.936
2021-08-02,1.887
2021-08-03,1.858
2021-08-04,1.789
2021-08-05,1.821
2021-08-06,1.804
2021-08-09,1.791
2021-08-10,1.816
2021-08-11,1.843
2021-08-12,1.838
2021-08-13,1.806
2021-08-16,1.795
2021-08-17,1.782
2021-08-18,1.742
2021-08-19,1.710
2021-08-20,1.645
2021-08-23,1.769
2021-08-24,1.842
2021-08-25,1.880
2021-08-26,1.842
2021-08-27,1.879
2021-08-30,1.918
2021-08-31,1.921
2021-09-01,1.907
2021-09-02,1.942
2021-09-03,1.949
2021-09-06,
2021-09-07,1.907
2021-09-08,1.916
2021-09-09,1.893
2021-09-10,1.922
2021-09-13,1.955
2021-09-14,1.965
2021-09-15,2.015
2021-09-16,2.022
2021-09-17,2.021
2021-09-20,1.972
2021-09-21,1.989
2021-09-22,2.015
2021-09-23,2.053
2021-09-24,2.080
2021-09-27,2.115
2021-09-28,2.105
2021-09-29,2.124
2021-09-30,2.201
2021-10-01,2.168
2021-10-04,2.284
2021-10-05,2.278
2021-10-06,2.220
2021-10-07,2.257
2021-10-08,2.263
2021-10-11,2.309
2021-10-12,2.299
2021-10-13,2.314
2021-10-14,2.361
2021-10-15,2.360
2021-10-18,2.305
2021-10-19,2.322
2021-10-20,2.353
2021-10-21,2.314
2021-10-22,2.312
2021-10-25,2.326
2021-10-26,2.339
2021-10-27,2.271
2021-10-28,2.278
2021-10-29,2.285
2021-11-01,2.301
2021-11-02,2.300
2021-11-03,2.221
2021-11-04,2.212
2021-11-05,2.253
2021-11-08,2.273
2021-11-09,2.319
2021-11-10,2.258
2021-11-11,2.245
2021-11-12,2.214
2021-11-15,2.210
2021-11-16,2.239
2021-11-17,2.175
2021-11-18,2.187
2021-11-19,2.090
2021-11-22,2.123
2021-11-23,2.195
2021-11-24,2.198
2021-11-25,
2021-11-26,
2021-11-29,1.965
2021-11-30,1.882
2021-12-01,1.880
2021-12-02,1.930
2021-12-03,1.935
2021-12-06,2.035
2021-12-07,2.088
2021-12-08,2.127
2021-12-09,2.103
2021-12-10,2.125
2021-12-13,2.103
2021-12-14,2.076
2021-12-15,2.098
2021-12-16,2.112
2021-12-17,2.075
2021-12-20,2.020
2021-12-21,2.094
2021-12-22,2.142
2021-12-23,2.172
2021-12-24,
2021-12-27,2.192
2021-12-28,2.205
2021-12-29,2.209
2021-12-30,2.213
2021-12-31,2.161
2022-01-03,2.195
2022-01-04,2.247
2022-01-05,2.263
2022-01-06,2.315
2022-01-07,2.329
2022-01-10,2.351
2022-01-11,2.429
2022-01-12,2.444
2022-01-13,2.444
2022-01-14,2.486
2022-01-17,
2022-01-18,2.558
2022-01-19,2.540
2022-01-20,2.484
2022-01-21,2.519
2022-01-24,2.467
2022-01-25,2.459
2022-01-26,2.564
2022-01-27,2.653
2022-01-28,2.593
2022-01-31,2.580
2022-02-01,2.578
2022-02-02,2.595
2022-02-03,2.652
2022-02-04,2.681
2022-02-07,2.732
2022-02-08,2.684
2022-02-09,2.707
2022-02-10,2.687
2022-02-11,2.800
2022-02-14,2.789
2022-02-15,2.685
2022-02-16,2.610
2022-02-17,2.584
2022-02-18,2.599
2022-02-21,
2022-02-22,2.627
2022-02-23,2.671
2022-02-24,2.721
2022-02-25,2.692
2022-02-28,2.856
2022-03-01,3.040
2022-03-02,3.383
2022-03-03,3.317
2022-03-04,3.588
2022-03-07,3.712
2022-03-08,4.100
2022-03-09,3.198
2022-03-10,3.117
2022-03-11,3.246
2022-03-14,3.070
2022-03-15,2.826
2022-03-16,2.954
2022-03-17,3.290
2022-03-18,3.372
2022-03-21,3.626
2022-03-22,3.588
2022-03-23,3.842
2022-03-24,3.962
2022-03-25,3.825
2022-03-28,3.481
2022-03-29,4.011
2022-03-30,4.000
2022-03-31,3.835
2022-04-01,3.625
2022-04-04,3.811
2022-04-05,3.629
2022-04-06,3.591
2022-04-07,3.367
2022-04-08,3.406
2022-04-11,3.343
2022-04-12,3.502
2022-04-13,3.724
2022-04-14,3.848
2022-04-15,
2022-04-18,3.848
2022-04-19,3.799
2022-04-20,3.903
2022-04-21,3.865
2022-04-22,3.881
2022-04-25,4.227
2022-04-26,4.520
2022-04-27,4.789
2022-04-28,5.066
2022-04-29,4.529
2022-05-02,4.466
2022-05-03,4.203
2022-05-04,4.326
2022-05-05,4.180
2022-05-06,4.155
2022-05-09,3.961
2022-05-10,4.123
2022-05-11,4.094
2022-05-12,4.009
2022-05-13,4.021
2022-05-16,3.827
2022-05-17,3.645
2022-05-18,3.472
2022-05-19,3.564
2022-05-20,3.504
2022-05-23,3.517
2022-05-24,3.636
2022-05-25,3.741
2022-05-26,3.823
2022-05-27,3.852
2022-05-30,
2022-05-31,3.815
2022-06-01,3.933
2022-06-02,4.052
2022-06-03,4.104
2022-06-06,4.152
2022-06-07,4.086
2022-06-08,4.080
2022-06-09,4.213
2022-06-10,4.172
2022-06-13,4.079
2022-06-14,4.201
2022-06-15,4.319
2022-06-16,4.401
2022-06-17,4.210
2022-06-20,
2022-06-21,4.210
2022-06-22,4.192
2022-06-23,4.066
2022-06-24,4.253
2022-06-27,4.133
2022-06-28,4.040
2022-06-29,3.872
2022-06-30,3.753
2022-07-01,3.779
2022-07-04,
2022-07-05,3.411
2022-07-06,3.246
2022-07-07,3.500
2022-07-08,3.524
2022-07-11,3.607
2022-07-12,3.518
2022-07-13,3.582
2022-07-14,3.538
2022-07-15,3.542
2022-07-18,3.465
2022-07-19,3.445
2022-07-20,3.404
2022-07-21,3.379
2022-07-22,3.334
2022-07-25,3.343
2022-07-26,3.436
2022-07-27,3.585
2022-07-28,3.521
2022-07-29,3.402
2022-08-01,3.245
2022-08-02,3.180
2022-08-03,3.190
2022-08-04,3.063
2022-08-05,2.968
2022-08-08,2.941
2022-08-09,3.078
2022-08-10,3.213
2022-08-11,3.267
2022-08-12,3.259
2022-08-15,3.210
2022-08-16,3.211
2022-08-17,3.319
2022-08-18,3.367
2022-08-19,3.416
2022-08-22,3.489
2022-08-23,3.554
2022-08-24,3.766
2022-08-25,3.691
2022-08-26,3.753
2022-08-29,3.651
2022-08-30,3.547
2022-08-31,3.422
2022-09-01,3.270
2022-09-02,3.354
2022-09-05,
2022-09-06,3.306
2022-09-07,3.318
2022-09-08,3.309
2022-09-09,3.349
2022-09-12,3.380
2022-09-13,3.328
2022-09-14,3.145
2022-09-15,2.968
2022-09-16,2.942
2022-09-19,3.056
2022-09-20,3.192
2022-09-21,3.200
2022-09-22,3.250
2022-09-23,3.112
2022-09-26,3.052
2022-09-27,3.244
2022-09-28,3.443
2022-09-29,3.752
2022-09-30,3.522
2022-10-03,3.322
2022-10-04,3.440
2022-10-05,3.641
2022-10-06,3.803
2022-10-07,3.928
2022-10-10,
2022-10-11,3.627
2022-10-12,3.623
2022-10-13,3.810
2022-10-14,3.647
2022-10-17,3.711
2022-10-18,3.504
2022-10-19,3.407
2022-10-20,3.282
2022-10-21,3.389
2022-10-24,3.749
2022-10-25,3.764
2022-10-26,4.013
2022-10-27,4.099
2022-10-28,4.365
2022-10-31,4.183
2022-11-01,3.309
2022-11-02,3.371
2022-11-03,3.605
2022-11-04,3.596
2022-11-07,3.449
2022-11-08,3.368
2022-11-09,3.179
2022-11-10,3.096
2022-11-11,
2022-11-14,3.141
2022-11-15,3.242
2022-11-16,3.232
2022-11-17,3.137
2022-11-18,3.145
2022-11-21,3.125
2022-11-22,3.035
2022-11-23,2.873
2022-11-24,
2022-11-25,2.799
2022-11-28,2.720
2022-11-29,2.850
2022-11-30,2.935
2022-12-01,2.851
2022-12-02,2.800
2022-12-05,2.628
2022-12-06,2.560
2022-12-07,2.438
2022-12-08,2.648
2022-12-09,2.588
2022-12-12,2.733
2022-12-13,2.874
2022-12-14,3.050
2022-12-15,3.035
2022-12-16,2.883
2022-12-19,2.802
2022-12-20,2.756
2022-12-21,2.916
2022-12-22,2.935
2022-12-23,3.049
2022-12-26,
2022-12-27,3.290
2022-12-28,3.308
2022-12-29,3.355
2022-12-30,3.333
2023-01-02,
2023-01-03,3.107
2023-01-04,3.078
2023-01-05,3.091
2023-01-06,3.191
2023-01-09,3.400
2023-01-10,3.315
2023-01-11,3.471
2023-01-12,3.503
2023-01-13,3.817
2023-01-16,
2023-01-17,3.567
2023-01-18,3.558
2023-01-19,3.603
2023-01-20,3.916
2023-01-23,3.839
2023-01-24,3.735
2023-01-25,3.796
2023-01-26,3.992
2023-01-27,3.788
2023-01-30,3.630
2023-01-31,3.437
2023-02-01,2.965
2023-02-02,2.753
2023-02-03,2.577
2023-02-06,2.690
2023-02-07,2.879
2023-02-08,2.886
2023-02-09,2.802
2023-02-10,2.796
2023-02-13,2.807
2023-02-14,2.843
2023-02-15,2.693
2023-02-16,2.628
2023-02-17,2.541
2023-02-20,
2023-02-21,2.600
2023-02-22,2.780
2023-02-23,2.766
2023-02-24,2.957
2023-02-27,3.069
2023-02-28,2.973
2023-03-01,3.016
2023-03-02,2.911
2023-03-03,2.987
2023-03-06,2.929
2023-03-07,2.832
2023-03-08,2.800
2023-03-09,2.729
2023-03-10,2.778
2023-03-13,2.773
2023-03-14,2.644
2023-03-15,2.529
2023-03-16,2.566
2023-03-17,2.500
2023-03-20,2.497
2023-03-21,2.502
2023-03-22,2.507
2023-03-23,2.477
2023-03-24,2.528
2023-03-27,2.726
2023-03-28,2.695
2023-03-29,2.577
2023-03-30,2.566
2023-03-31,2.541
2023-04-03,2.573
2023-04-04,2.581
2023-04-05,2.588
2023-04-06,2.517
2023-04-07,
2023-04-10,2.530
2023-04-11,2.506
2023-04-12,2.533
2023-04-13,2.506
2023-04-14,2.413
2023-04-17,2.363
2023-04-18,2.310
2023-04-19,2.288
2023-04-20,2.233
2023-04-21,2.246
2023-04-24,2.274
2023-04-25,2.201
2023-04-26,2.142
2023-04-27,2.142
2023-04-28,2.159
2023-05-01,2.169
2023-05-02,2.102
2023-05-03,2.044
2023-05-04,2.050
2023-05-05,2.150
2023-05-08,2.213
2023-05-09,2.233
2023-05-10,2.254
2023-05-11,2.215
2023-05-12,2.153
2023-05-15,2.218
2023-05-16,2.183
2023-05-17,2.251
2023-05-18,2.238
2023-05-19,2.194
2023-05-22,2.201
2023-05-23,2.169
2023-05-24,2.225
2023-05-25,2.151
2023-05-26,2.184
2023-05-29,
2023-05-30,2.110
2023-05-31,2.091
2023-06-01,2.165
2023-06-02,2.219
2023-06-05,2.225
2023-06-06,2.238
2023-06-07,2.309
2023-06-08,2.282
2023-06-09,2.248
2023-06-12,2.171
2023-06-13,2.253
2023-06-14,2.187
2023-06-15,2.295
2023-06-16,2.366
2023-06-19,
2023-06-20,2.264
2023-06-21,2.392
2023-06-22,2.296
2023-06-23,2.209
2023-06-26,2.253
2023-06-27,2.209
2023-06-28,2.204
2023-06-29,2.216
2023-06-30,2.246
2023-07-03,2.207
2023-07-04,
2023-07-05,2.314
2023-07-06,2.314
2023-07-07,2.372
2023-07-10,2.371
2023-07-11,2.394
2023-07-12,2.423
2023-07-13,2.416
2023-07-14,2.393
2023-07-17,2.383
2023-07-18,2.412
2023-07-19,2.448
2023-07-20,2.481
2023-07-21,2.553
2023-07-24,2.588
2023-07-25,2.603
2023-07-26,2.668
2023-07-27,2.740
2023-07-28,2.818
2023-07-31,2.860
2023-08-01,2.901
2023-08-02,2.861
2023-08-03,2.936
2023-08-04,2.897
2023-08-07,2.874
2023-08-08,2.919
2023-08-09,3.063
2023-08-10,3.007
2023-08-11,2.969
2023-08-14,2.935
2023-08-15,2.900
2023-08-16,2.882
2023-08-17,2.967
2023-08-18,3.106
2023-08-21,3.084
2023-08-22,3.055
2023-08-23,3.017
2023-08-24,3.047
2023-08-25,3.188
2023-08-28,3.075
2023-08-29,3.090
2023-08-30,2.957
2023-08-31,3.006
2023-09-01,2.982
2023-09-04,
2023-09-05,3.087
2023-09-06,2.994
2023-09-07,3.026
2023-09-08,3.082
2023-09-11,3.145
2023-09-12,3.111
2023-09-13,3.240
2023-09-14,3.269
2023-09-15,3.144
2023-09-18,3.055
2023-09-19,3.137
2023-09-20,3.215
2023-09-21,3.206
2023-09-22,3.150
2023-09-25,3.073
2023-09-26,3.052
2023-09-27,3.130
2023-09-28,3.145
2023-09-29,3.162
2023-10-02,2.999
2023-10-03,2.978
2023-10-04,2.799
2023-10-05,2.656
2023-10-06,2.684
2023-10-09,
2023-10-10,2.862
2023-10-11,2.850
2023-10-12,2.850
2023-10-13,3.065
2023-10-16,3.019
2023-10-17,3.029
2023-10-18,2.855
2023-10-19,2.905
2023-10-20,2.952
2023-10-23,2.894
2023-10-24,2.825
2023-10-25,2.837
2023-10-26,2.863
2023-10-27,2.859
2023-10-30,2.854
2023-10-31,2.869
2023-11-01,2.875
2023-11-02,3.105
2023-11-03,2.837
2023-11-06,2.889
2023-11-07,2.808
2023-11-08,2.724
2023-11-09,2.665
2023-11-10,2.669
2023-11-13,2.789
2023-11-14,2.862
2023-11-15,2.825
2023-11-16,2.709
2023-11-17,2.611
2023-11-20,2.695
2023-11-21,2.702
2023-11-22,2.654
2023-11-23,
2023-11-24,2.601
2023-11-27,2.618
2023-11-28,2.662
2023-11-29,2.646
2023-11-30,2.476
2023-12-01,2.401
2023-12-04,2.401
2023-12-05,2.357
2023-12-06,2.303
2023-12-07,2.290
2023-12-08,2.299
2023-12-11,2.322
2023-12-12,2.152
2023-12-13,2.196
2023-12-14,2.351
2023-12-15,2.384
2023-12-18,2.453
2023-12-19,2.543
2023-12-20,2.537
2023-12-21,2.541
2023-12-22,2.498
2023-12-25,
2023-12-26,2.503
2023-12-27,2.451
2023-12-28,2.385
2023-12-29,2.365
2024-01-01,
2024-01-02,2.333
2024-01-03,2.435
2024-01-04,2.431
2024-01-05,2.466
2024-01-08,2.473
2024-01-09,2.537
2024-01-10,2.558
2024-01-11,2.637
2024-01-12,2.596
2024-01-15,
2024-01-16,2.579
2024-01-17,2.585
2024-01-18,2.584
2024-01-19,2.568
2024-01-22,2.594
2024-01-23,2.624
2024-01-24,2.602
2024-01-25,2.701
2024-01-26,2.749
2024-01-29,2.786
2024-01-30,2.753
2024-01-31,2.700
2024-02-01,2.650
2024-02-02,2.586
2024-02-05,2.639
2024-02-06,2.663
2024-02-07,2.754
2024-02-08,2.816
2024-02-09,2.869
2024-02-12,2.860
2024-02-13,2.789
2024-02-14,2.701
2024-02-15,2.712
2024-02-16,2.707
2024-02-19,
2024-02-20,2.631
2024-02-21,2.664
2024-02-22,2.696
2024-02-23,2.576
2024-02-26,2.642
2024-02-27,2.623
2024-02-28,2.533
2024-02-29,2.552
2024-03-01,2.609
2024-03-04,2.552
2024-03-05,2.511
2024-03-06,2.585
2024-03-07,2.617
2024-03-08,2.556
2024-03-11,2.588
2024-03-12,2.572
2024-03-13,2.644
2024-03-14,2.628
2024-03-15,2.655
2024-03-18,2.718
2024-03-19,2.671
2024-03-20,2.606
2024-03-21,2.608
2024-03-22,2.582
2024-03-25,2.583
2024-03-26,2.530
2024-03-27,2.524
2024-03-28,2.526
2024-03-29,
2024-04-01,2.583
2024-04-02,2.693
2024-04-03,2.725
2024-04-04,2.744
2024-04-05,2.724
2024-04-08,2.717
2024-04-09,2.668
2024-04-10,2.681
2024-04-11,2.635
2024-04-12,2.672
2024-04-15,2.690
2024-04-16,2.684
2024-04-17,2.609
2024-04-18,2.490
2024-04-19,2.496
2024-04-22,2.525
2024-04-23,2.519
2024-04-24,2.495
2024-04-25,2.498
2024-04-26,2.494
2024-04-29,2.498
2024-04-30,2.470
2024-05-01,2.402
2024-05-02,2.395
2024-05-03,2.386
2024-05-06,2.427
2024-05-07,2.430
2024-05-08,2.435
2024-05-09,2.426
2024-05-10,2.361
2024-05-13,2.368
2024-05-14,2.342
2024-05-15,2.345
2024-05-16,2.378
2024-05-17,2.453
2024-05-20,2.446
2024-05-21,2.424
2024-05-22,2.338
2024-05-23,2.333
2024-05-24,2.336
2024-05-27,
2024-05-28,2.401
2024-05-29,2.353
2024-05-30,2.294
2024-05-31,2.291
2024-06-03,2.210
2024-06-04,2.224
2024-06-05,2.242
2024-06-06,2.298
2024-06-07,2.293
2024-06-10,2.358
2024-06-11,2.371
2024-06-12,2.375
2024-06-13,2.429
2024-06-14,2.423
2024-06-17,2.434
2024-06-18,2.474
2024-06-19,
2024-06-20,2.489
2024-06-21,2.459
2024-06-24,2.491
2024-06-25,2.477
2024-06-26,2.475
2024-06-27,2.490
2024-06-28,2.467
2024-07-01,2.542
2024-07-02,2.561
2024-07-03,2.625
2024-07-04,
2024-07-05,2.550
2024-07-08,2.508
2024-07-09,2.467
2024-07-10,2.469
2024-07-11,2.470
2024-07-12,2.442
2024-07-15,2.443
2024-07-16,2.402
2024-07-17,2.424
2024-07-18,2.411
2024-07-19,2.362
2024-07-22,2.371
2024-07-23,2.364
2024-07-24,2.361
2024-07-25,2.384
2024-07-26,2.308
2024-07-29,2.268
2024-07-30,2.211
2024-07-31,2.280
2024-08-01,2.290
2024-08-02,2.190
2024-08-05,2.168
2024-08-06,2.161
2024-08-07,2.224
2024-08-08,2.224
2024-08-09,2.193
2024-08-12,2.253
2024-08-13,2.228
2024-08-14,2.205
2024-08-15,2.234
2024-08-16,2.203
2024-08-19,2.130
2024-08-20,2.130
2024-08-21,2.113
2024-08-22,2.140
2024-08-23,2.136
2024-08-26,2.171
2024-08-27,2.117
2024-08-28,2.082
2024-08-29,2.151
2024-08-30,2.127
2024-09-02,
2024-09-03,2.048
2024-09-04,2.004
2024-09-05,2.025
2024-09-06,1.977
2024-09-09,1.999
2024-09-10,1.928
2024-09-11,1.954
2024-09-12,1.971
2024-09-13,1.921
2024-09-16,1.929
2024-09-17,1.973
2024-09-18,1.960
2024-09-19,2.007
2024-09-20,2.007
2024-09-23,1.999
2024-09-24,2.018
2024-09-25,2.002
2024-09-26,1.967
2024-09-27,1.977
2024-09-30,1.968
2024-10-01,2.025
2024-10-02,2.033
2024-10-03,2.204
2024-10-04,2.140
2024-10-07,2.219
2024-10-08,2.132
2024-10-09,2.102
2024-10-10,2.155
2024-10-11,2.175
2024-10-14,
2024-10-15,2.021
2024-10-16,2.007
2024-10-17,2.027
2024-10-18,1.995
2024-10-21,2.017
2024-10-22,2.069
2024-10-23,2.052
2024-10-24,2.029
2024-10-25,2.051
2024-10-28,1.958
2024-10-29,1.977
2024-10-30,2.024
2024-10-31,2.076
2024-11-01,2.042
2024-11-04,2.114
2024-11-05,2.133
2024-11-06,2.099
2024-11-07,2.095
2024-11-08,2.056
2024-11-11,
2024-11-12,2.019
2024-11-13,2.037
2024-11-14,2.035
2024-11-15,1.997
2024-11-18,2.079
2024-11-19,2.066
2024-11-20,2.060
2024-11-21,2.095
2024-11-22,2.090
2024-11-25,2.058
2024-11-26,2.064
2024-11-27,2.055
2024-11-28,
2024-11-29,2.040
2024-12-02,2.042
2024-12-03,2.075
2024-12-04,2.021
2024-12-05,2.011
2024-12-06,1.984
2024-12-09,2.035
2024-12-10,2.045
2024-12-11,2.107
2024-12-12,2.132
2024-12-13,2.158
2024-12-16,2.130
2024-12-17,2.103
2024-12-18,2.121
2024-12-19,2.119
2024-12-20,2.121
2024-12-23,2.107
2024-12-24,2.095
2024-12-25,
2024-12-26,2.089
2024-12-27,2.122
2024-12-30,2.189
2024-12-31,2.228
2025-01-01,
2025-01-02,2.266
2025-01-03,2.272
2025-01-06,2.283
2025-01-07,2.293
2025-01-08,2.286
2025-01-09,
2025-01-10,2.406
2025-01-13,2.385
2025-01-14,2.365
2025-01-15,2.463
2025-01-16,2.430
2025-01-17,2.419
2025-01-20,
2025-01-21,2.411
2025-01-22,2.369
2025-01-23,2.362
2025-01-24,2.384
2025-01-27,2.324
2025-01-28,2.310
2025-01-29,2.317
2025-01-30,2.285
2025-01-31,2.302
2025-02-03,2.358
2025-02-04,2.301
2025-02-05,2.271
2025-02-06,2.294
2025-02-07,2.301
2025-02-10,2.293
2025-02-11,2.357
2025-02-12,2.277
2025-02-13,2.270
2025-02-14,2.276
2025-02-17,
2025-02-18,2.262
2025-02-19,2.330
2025-02-20,2.358
2025-02-21,2.266
2025-02-24,2.209
2025-02-25,2.163
2025-02-26,2.119
2025-02-27,2.166
2025-02-28,2.145
2025-03-03,2.088
2025-03-04,2.076
2025-03-05,2.089
2025-03-06,2.063
2025-03-07,2.071
2025-03-10,2.006
2025-03-11,2.039
2025-03-12,2.040
2025-03-13,1.999
2025-03-14,1.997
2025-03-17,2.035
2025-03-18,2.030
2025-03-19,2.066
2025-03-20,2.084
2025-03-21,2.082
2025-03-24,2.091
2025-03-25,2.121
2025-03-26,2.124
2025-03-27,2.111
2025-03-28,2.093
2025-03-31,2.135
2025-04-01,2.123
2025-04-02,2.135
2025-04-03,2.011
2025-04-04,1.927
2025-04-07,1.907
2025-04-08,1.853
2025-04-09,1.947
2025-04-10,1.884
2025-04-11,1.899
2025-04-14,1.922
2025-04-15,1.917
2025-04-16,1.952
2025-04-17,1.978
2025-04-18,
2025-04-21,1.947
2025-04-22,2.036
2025-04-23,2.009
2025-04-24,2.026
2025-04-25,2.060
2025-04-28,2.057
2025-04-29,1.991
2025-04-30,1.909
2025-05-01,1.886
2025-05-02,1.887
2025-05-05,1.866
2025-05-06,1.864
2025-05-07,1.819
2025-05-08,1.901
2025-05-09,1.925
2025-05-12,1.968
2025-05-13,2.027
2025-05-14,2.051
2025-05-15,1.990
2025-05-16,1.976
2025-05-19,1.968
2025-05-20,1.974
2025-05-21,1.975
2025-05-22,1.946
2025-05-23,1.948
2025-05-26,
2025-05-27,1.900
2025-05-28,1.906
2025-05-29,1.871
2025-05-30,1.846
2025-06-02,1.901
2025-06-03,1.944
2025-06-04,1.913
2025-06-05,1.928
2025-06-06,1.957
2025-06-09,1.976
2025-06-10,1.965
2025-06-11,2.018
2025-06-12,2.020
2025-06-13,2.202
2025-06-16,2.197
2025-06-17,2.304
2025-06-18,2.350
2025-06-19,
2025-06-20,2.349
2025-06-23,2.132
2025-06-24,2.110
2025-06-25,2.128
2025-06-26,2.199
2025-06-27,2.107
2025-06-30,2.177
2025-07-01,2.152
2025-07-02,2.238
2025-07-03,2.192
2025-07-04,
2025-07-07,2.240
2025-07-08,2.266
2025-07-09,2.233
2025-07-10,2.215
2025-07-11,2.284
2025-07-14,2.206
2025-07-15,2.225
2025-07-16,2.217
2025-07-17,2.291
2025-07-18,2.276
2025-07-21,2.317
2025-07-22,2.308
2025-07-23,2.305
2025-07-24,2.264
2025-07-25,2.253
2025-07-28,2.265
2025-07-29,2.311
2025-07-30,2.167
2025-07-31,2.148
2025-08-01,2.039
2025-08-04,2.057
2025-08-05,2.000
2025-08-06,2.004
2025-08-07,2.011
2025-08-08,2.021
2025-08-11,2.040
2025-08-12,1.990
2025-08-13,1.992
2025-08-14,1.991
2025-08-15,1.980
2025-08-18,1.997
2025-08-19,2.007
2025-08-20,2.024
2025-08-21,2.070
2025-08-22,2.057
2025-08-25,2.096
2025-08-26,2.027
2025-08-27,2.032
2025-08-28,2.050
2025-08-29,2.020
2025-09-01,
2025-09-02,2.120
2025-09-03,2.107
2025-09-04,2.075
2025-09-05,2.041
2025-09-08,2.070
2025-09-09,2.071
2025-09-10,2.085
2025-09-11,2.027
2025-09-12,2.043
2025-09-15,2.083
2025-09-16,2.146
2025-09-17,2.101
2025-09-18,2.093
2025-09-19,2.052
2025-09-22,2.047
2025-09-23,2.088
2025-09-24,2.124
2025-09-25,2.178
2025-09-26,2.162
2025-09-29,2.084
2025-09-30,2.076
2025-10-01,2.051
2025-10-02,1.998
2025-10-03,2.037
2025-10-06,2.118
2025-10-07,2.142
2025-10-08,2.193
2025-10-09,2.180
2025-10-10,2.106
2025-10-13,
2025-10-14,2.105
2025-10-15,2.095
2025-10-16,2.061
2025-10-17,2.084
2025-10-20,2.093
2025-10-21,2.097
2025-10-22,2.163
2025-10-23,2.265
2025-10-24,2.277
2025-10-27,2.322
2025-10-28,2.250
2025-10-29,2.256
2025-10-30,2.256
2025-10-31,2.245
2025-11-03,2.254
2025-11-04,2.286
2025-11-05,2.278
2025-11-06,2.311
2025-11-07,2.293
2025-11-10,2.310
2025-11-11,
2025-11-12,2.289
2025-11-13,2.281
2025-11-14,2.346
2025-11-17,2.351
2025-11-18,2.503
2025-11-19,2.462
2025-11-20,2.265
2025-11-21,2.127
2025-11-24,2.123
2025-11-25,2.068
2025-11-26,2.048
2025-11-27,
2025-11-28,2.050
2025-12-01,2.089
2025-12-02,2.051
2025-12-03,2.030
2025-12-04,2.050
2025-12-05,2.098
2025-12-08,2.028
2025-12-09,1.996
2025-12-10,2.013
2025-12-11,1.972
2025-12-12,1.939
2025-12-15,1.916
2025-12-16,1.867
2025-12-17,1.915
2025-12-18,1.861
2025-12-19,1.853
2025-12-22,1.949
2025-12-23,1.995
2025-12-24,1.962
2025-12-25,
2025-12-26,1.892
2025-12-29,1.909
2025-12-30,1.933
2025-12-31,1.911
2026-01-01,
2026-01-02,1.877
2026-01-05,1.880
2026-01-06,1.835
2026-01-07,1.821
2026-01-08,1.922
2026-01-09,1.909
2026-01-12,1.953
2026-01-13,2.021
2026-01-14,2.037
2026-01-15,2.017
2026-01-16,2.047
2026-01-19,
2026-01-20,2.071
2026-01-21,2.124
2026-01-22,2.081
2026-01-23,2.105
2026-01-26,2.064
2026-01-27,2.143
2026-01-28,2.189
2026-01-29,2.248
2026-01-30,2.277
2026-02-02,2.082
2026-02-03,2.150
2026-02-04,2.167
2026-02-05,2.095
2026-02-06,2.106
2026-02-09,2.165
2026-02-10,2.143
2026-02-11,2.176
2026-02-12,2.110
2026-02-13,2.177
2026-02-16,
2026-02-17,2.183
2026-02-18,2.311
2026-02-19,2.399
2026-02-20,2.376
2026-02-23,2.485
2026-02-24,2.520
2026-02-25,2.470
2026-02-26,2.444
2026-02-27,2.428
2026-03-02,2.738
2026-03-03,2.966
2026-03-04,3.126
2026-03-05,3.263
2026-03-06,3.424
2026-03-09,3.100
2026-03-10,3.199
2026-03-11,3.544
2026-03-12,3.753
2026-03-13,3.792
2026-03-16,3.639
2026-03-17,3.806
2026-03-18,4.171
2026-03-19,4.120
2026-03-20,4.454
2026-03-23,3.929
2026-03-24,3.917
2026-03-25,3.819
2026-03-26,4.032
2026-03-27,4.348
2026-03-30,4.237
2026-03-31,3.965
2026-04-01,3.839
2026-04-02,4.252
2026-04-03,
2026-04-06,4.136
2026-04-07,4.100
2026-04-08,3.825
2026-04-09,3.878
2026-04-10,3.685
2026-04-13,3.748
2026-04-14,3.659
2026-04-15,3.780
2026-04-16,3.864
2026-04-17,3.493
2026-04-20,3.608
2026-04-21,3.862
2026-04-22,3.960
2026-04-23,4.075
2026-04-24,4.024
2026-04-27,4.027
2026-04-28,4.047
2026-04-29,4.344
2026-04-30,4.287
2026-05-01,4.094
2026-05-04,4.163
2026-05-05,4.182
2026-05-06,3.913
2026-05-07,3.996
2026-05-08,3.992
2026-05-11,4.111
2026-05-12,4.265
2026-05-13,4.117
2026-05-14,4.075
2026-05-15,4.193
2026-05-18,4.191
2026-05-19,4.328
2026-05-20,4.059
2026-05-21,3.999
2026-05-22,3.987
2026-05-25,
2026-05-26,3.392
2026-05-27,3.253
2026-05-28,3.304
2026-05-29,3.237
2026-06-01,3.359
2026-06-02,3.369
2026-06-03,3.538
2026-06-04,3.341
2026-06-05,3.250
2026-06-08,3.290
2026-06-09,3.212
2026-06-10,3.280
2026-06-11,3.171
2026-06-12,2.974
2026-06-15,2.847
2026-06-16,2.740
2026-06-17,2.815
2026-06-18,2.952
2026-06-19,
2026-06-22,2.698
2026-06-23,2.765
2026-06-24,2.794
2026-06-25,2.898
2026-06-26,2.786
2026-06-29,2.928
2026-06-30,2.867
2026-07-01,2.755
2026-07-02,2.713
2026-07-03,
2026-07-06,2.828
2026-07-07,2.885
2026-07-08,3.187
2026-07-09,2.986
2026-07-10,2.969
2026-07-13,3.351
2026-07-14,3.552
2026-07-15,3.516
2026-07-16,3.563
2026-07-17,3.501
2026-07-20,3.549
2026-07-21,3.589
2026-07-22,3.670
2026-07-23,3.864
2026-07-24,3.708
2026-07-27,3.582
2026-07-28,3.712
2026-07-29,3.825
2026-07-30,3.681
2026-07-31,3.880
2026-08-03,3.506
2026-08-04,3.322
2026-08-05,3.361
2026-08-06,3.519
2026-08-07,3.445
2026-08-10,3.713
2026-08-11,3.814
2026-08-12,3.822
2026-08-13,3.734
2026-08-14,3.766
2026-08-17,3.912
2026-08-18,3.960
2026-08-19,3.895
2026-08-20,3.926
2026-08-21,3.918
2026-08-24,3.734
2026-08-25,3.619
2026-08-26,3.675
2026-08-27,3.740
2026-08-28,3.805
2026-08-31,4.021
2026-09-01,4.190
