date,close,volume,bm_close,bm_name
2024-01-02,12510.0,0,878.93,KOSDAQ
2024-01-03,12510.0,0,871.57,KOSDAQ
2024-01-04,12510.0,0,866.25,KOSDAQ
2024-01-05,12510.0,0,878.33,KOSDAQ
2024-01-08,12510.0,0,879.34,KOSDAQ
2024-01-09,12510.0,0,884.64,KOSDAQ
2024-01-10,12510.0,0,875.46,KOSDAQ
2024-01-11,12510.0,0,882.53,KOSDAQ
2024-01-12,12510.0,0,868.08,KOSDAQ
2024-01-15,12510.0,0,859.71,KOSDAQ
2024-01-16,12510.0,0,854.83,KOSDAQ
2024-01-17,12510.0,0,833.05,KOSDAQ
2024-01-18,12510.0,0,840.33,KOSDAQ
2024-01-19,12510.0,0,842.67,KOSDAQ
2024-01-22,12510.0,0,839.69,KOSDAQ
2024-01-23,12510.0,0,840.11,KOSDAQ
2024-01-24,12510.0,0,836.21,KOSDAQ
2024-01-25,12510.0,0,823.74,KOSDAQ
2024-01-26,12510.0,0,837.24,KOSDAQ
2024-01-29,12510.0,0,819.14,KOSDAQ
2024-01-30,12510.0,0,818.86,KOSDAQ
2024-01-31,12510.0,0,799.24,KOSDAQ
2024-02-01,12510.0,0,798.73,KOSDAQ
2024-02-02,12510.0,0,814.77,KOSDAQ
2024-02-05,12510.0,0,807.99,KOSDAQ
2024-02-06,12510.0,0,807.03,KOSDAQ
2024-02-07,12510.0,0,811.92,KOSDAQ
2024-02-08,12510.0,0,826.58,KOSDAQ
2024-02-13,12510.0,0,845.15,KOSDAQ
2024-02-14,12510.0,0,853.3,KOSDAQ
2024-02-15,12510.0,0,859.21,KOSDAQ
2024-02-16,12510.0,0,857.6,KOSDAQ
2024-02-19,12510.0,0,858.47,KOSDAQ
2024-02-20,12510.0,0,866.17,KOSDAQ
2024-02-21,12510.0,0,864.07,KOSDAQ
2024-02-22,12510.0,0,870.11,KOSDAQ
2024-02-23,12850.0,10,868.57,KOSDAQ
2024-02-26,12850.0,0,867.4,KOSDAQ
2024-02-27,12850.0,0,853.75,KOSDAQ
2024-02-28,12850.0,0,863.39,KOSDAQ
2024-02-29,12850.0,0,862.96,KOSDAQ
2024-03-04,12850.0,0,872.97,KOSDAQ
2024-03-05,12850.0,0,866.37,KOSDAQ
2024-03-06,12850.0,0,870.67,KOSDAQ
2024-03-07,12850.0,0,863.37,KOSDAQ
2024-03-08,12850.0,0,873.18,KOSDAQ
2024-03-11,12850.0,0,875.93,KOSDAQ
2024-03-12,12850.0,0,889.71,KOSDAQ
2024-03-13,12850.0,0,889.93,KOSDAQ
2024-03-14,12850.0,0,887.52,KOSDAQ
2024-03-15,12850.0,0,880.46,KOSDAQ
2024-03-18,12850.0,0,894.48,KOSDAQ
2024-03-19,12850.0,0,891.91,KOSDAQ
2024-03-20,13200.0,5,891.45,KOSDAQ
2024-03-21,13200.0,0,904.29,KOSDAQ
2024-03-22,13550.0,36,903.98,KOSDAQ
2024-03-25,13550.0,0,913.69,KOSDAQ
2024-03-26,13550.0,0,916.09,KOSDAQ
2024-03-27,13550.0,0,911.25,KOSDAQ
2024-03-28,13550.0,0,910.05,KOSDAQ
2024-03-29,15580.0,2,905.5,KOSDAQ
2024-04-01,16000.0,1,912.45,KOSDAQ
2024-04-02,16000.0,0,891.59,KOSDAQ
2024-04-03,16000.0,0,879.96,KOSDAQ
2024-04-04,16000.0,0,882.9,KOSDAQ
2024-04-05,16000.0,0,872.29,KOSDAQ
2024-04-08,16000.0,0,860.57,KOSDAQ
2024-04-09,18400.0,1,859.33,KOSDAQ
2024-04-11,21150.0,0,858.1,KOSDAQ
2024-04-12,21150.0,0,860.47,KOSDAQ
2024-04-15,21150.0,0,852.42,KOSDAQ
2024-04-16,21150.0,0,832.81,KOSDAQ
2024-04-17,21150.0,0,833.03,KOSDAQ
2024-04-18,21150.0,0,855.65,KOSDAQ
2024-04-19,21150.0,0,841.91,KOSDAQ
2024-04-22,21750.0,1,845.82,KOSDAQ
2024-04-23,21750.0,0,845.44,KOSDAQ
2024-04-24,21750.0,0,862.23,KOSDAQ
2024-04-25,25000.0,1,853.26,KOSDAQ
2024-04-26,28750.0,1,856.82,KOSDAQ
2024-04-29,33050.0,1,869.72,KOSDAQ
2024-04-30,33050.0,0,868.93,KOSDAQ
2024-05-02,33050.0,0,867.48,KOSDAQ
2024-05-03,32100.0,30,865.59,KOSDAQ
2024-05-07,32100.0,0,871.26,KOSDAQ
2024-05-08,32100.0,0,872.42,KOSDAQ
2024-05-09,32100.0,0,870.15,KOSDAQ
2024-05-10,32100.0,0,864.16,KOSDAQ
2024-05-13,31200.0,1,854.43,KOSDAQ
2024-05-14,31200.0,0,862.15,KOSDAQ
2024-05-16,31200.0,0,870.37,KOSDAQ
2024-05-17,31200.0,0,855.06,KOSDAQ
2024-05-20,31200.0,0,847.08,KOSDAQ
2024-05-21,31200.0,0,846.51,KOSDAQ
2024-05-22,31200.0,0,845.72,KOSDAQ
2024-05-23,31200.0,0,846.58,KOSDAQ
2024-05-24,31200.0,0,839.41,KOSDAQ
2024-05-27,31200.0,0,847.99,KOSDAQ
2024-05-28,31200.0,0,851.01,KOSDAQ
2024-05-29,31200.0,0,838.45,KOSDAQ
2024-05-30,31200.0,0,831.99,KOSDAQ
2024-05-31,31200.0,0,839.98,KOSDAQ
2024-06-03,31200.0,0,844.72,KOSDAQ
2024-06-04,31200.0,0,845.84,KOSDAQ
2024-06-05,31200.0,0,850.75,KOSDAQ
2024-06-07,31200.0,0,866.18,KOSDAQ
2024-06-10,31200.0,0,864.71,KOSDAQ
2024-06-11,31200.0,0,868.36,KOSDAQ
2024-06-12,31200.0,0,870.67,KOSDAQ
2024-06-13,31200.0,0,871.33,KOSDAQ
2024-06-14,31200.0,0,862.19,KOSDAQ
2024-06-17,31200.0,0,858.96,KOSDAQ
2024-06-18,31200.0,0,858.95,KOSDAQ
2024-06-19,31200.0,0,861.17,KOSDAQ
2024-06-20,32100.0,4,857.51,KOSDAQ
2024-06-21,32100.0,0,852.67,KOSDAQ
2024-06-24,32100.0,0,841.52,KOSDAQ
2024-06-25,32100.0,0,841.99,KOSDAQ
2024-06-26,32100.0,0,842.12,KOSDAQ
2024-06-27,31200.0,2,838.65,KOSDAQ
2024-06-28,31200.0,0,840.44,KOSDAQ
2024-07-01,31200.0,0,847.15,KOSDAQ
2024-07-02,31200.0,0,829.91,KOSDAQ
2024-07-03,31200.0,0,836.1,KOSDAQ
2024-07-04,31200.0,0,840.81,KOSDAQ
2024-07-05,31200.0,0,847.49,KOSDAQ
2024-07-08,31200.0,0,859.27,KOSDAQ
2024-07-09,31200.0,0,860.42,KOSDAQ
2024-07-10,31200.0,0,858.55,KOSDAQ
2024-07-11,31200.0,0,852.42,KOSDAQ
2024-07-12,31200.0,0,850.37,KOSDAQ
2024-07-15,31200.0,0,852.88,KOSDAQ
2024-07-16,31200.0,0,839.61,KOSDAQ
2024-07-17,31200.0,0,829.41,KOSDAQ
2024-07-18,31200.0,0,822.48,KOSDAQ
2024-07-19,31200.0,0,828.72,KOSDAQ
2024-07-22,31200.0,0,809.96,KOSDAQ
2024-07-23,31200.0,0,812.12,KOSDAQ
2024-07-24,31200.0,0,814.25,KOSDAQ
2024-07-25,31200.0,0,797.29,KOSDAQ
2024-07-26,31200.0,0,797.56,KOSDAQ
2024-07-29,31200.0,0,807.99,KOSDAQ
2024-07-30,31200.0,0,803.78,KOSDAQ
2024-07-31,31200.0,0,803.15,KOSDAQ
2024-08-01,31200.0,0,813.53,KOSDAQ
2024-08-02,31200.0,0,779.33,KOSDAQ
2024-08-05,31200.0,0,691.28,KOSDAQ
2024-08-06,31200.0,0,732.87,KOSDAQ
2024-08-07,31200.0,0,748.54,KOSDAQ
2024-08-08,31200.0,0,745.28,KOSDAQ
2024-08-09,31200.0,0,764.43,KOSDAQ
2024-08-12,32100.0,1,772.72,KOSDAQ
2024-08-13,32100.0,0,764.86,KOSDAQ
2024-08-14,32100.0,0,776.83,KOSDAQ
2024-08-16,32100.0,0,786.33,KOSDAQ
2024-08-19,31200.0,50,777.47,KOSDAQ
2024-08-20,31200.0,0,787.44,KOSDAQ
2024-08-21,31200.0,0,779.87,KOSDAQ
2024-08-22,31200.0,0,773.47,KOSDAQ
2024-08-23,31200.0,0,773.26,KOSDAQ
2024-08-26,31200.0,0,766.79,KOSDAQ
2024-08-27,31200.0,0,764.95,KOSDAQ
2024-08-28,31200.0,0,762.5,KOSDAQ
2024-08-29,31200.0,0,756.04,KOSDAQ
2024-08-30,31200.0,0,767.66,KOSDAQ
2024-09-02,31200.0,0,769.21,KOSDAQ
2024-09-03,31200.0,0,760.37,KOSDAQ
2024-09-04,31200.0,0,731.75,KOSDAQ
2024-09-05,31200.0,0,725.28,KOSDAQ
2024-09-06,31200.0,0,706.59,KOSDAQ
2024-09-09,31200.0,0,714.46,KOSDAQ
2024-09-10,31200.0,0,706.2,KOSDAQ
2024-09-11,31200.0,0,709.42,KOSDAQ
2024-09-12,31200.0,0,731.03,KOSDAQ
2024-09-13,31200.0,0,733.2,KOSDAQ
2024-09-19,31200.0,0,739.51,KOSDAQ
2024-09-20,31200.0,0,748.33,KOSDAQ
2024-09-23,31200.0,0,755.12,KOSDAQ
2024-09-24,31200.0,0,767.35,KOSDAQ
2024-09-25,31200.0,0,759.3,KOSDAQ
2024-09-26,31200.0,0,779.18,KOSDAQ
2024-09-27,31200.0,0,774.49,KOSDAQ
2024-09-30,31200.0,0,763.88,KOSDAQ
2024-10-02,31200.0,0,762.13,KOSDAQ
2024-10-04,31200.0,0,768.98,KOSDAQ
2024-10-07,31200.0,0,781.01,KOSDAQ
2024-10-08,31200.0,0,778.24,KOSDAQ
2024-10-10,31200.0,0,775.48,KOSDAQ
2024-10-11,31200.0,0,770.98,KOSDAQ
2024-10-14,31200.0,0,770.26,KOSDAQ
2024-10-15,31200.0,0,773.81,KOSDAQ
2024-10-16,31200.0,0,765.79,KOSDAQ
2024-10-17,31200.0,0,765.06,KOSDAQ
2024-10-18,31200.0,0,753.22,KOSDAQ
2024-10-21,31200.0,0,759.95,KOSDAQ
2024-10-22,31200.0,0,738.34,KOSDAQ
2024-10-23,31200.0,0,745.19,KOSDAQ
2024-10-24,31200.0,0,734.59,KOSDAQ
2024-10-25,31200.0,0,727.41,KOSDAQ
2024-10-28,31200.0,0,740.48,KOSDAQ
2024-10-29,31200.0,0,744.18,KOSDAQ
2024-10-30,31200.0,0,738.19,KOSDAQ
2024-10-31,31200.0,0,743.06,KOSDAQ
2024-11-01,30300.0,57,729.05,KOSDAQ
2024-11-04,30300.0,0,754.08,KOSDAQ
2024-11-05,30300.0,0,751.81,KOSDAQ
2024-11-06,30300.0,0,743.31,KOSDAQ
2024-11-07,30300.0,0,733.52,KOSDAQ
2024-11-08,30300.0,0,743.38,KOSDAQ
2024-11-11,30300.0,0,728.84,KOSDAQ
2024-11-12,30300.0,0,710.52,KOSDAQ
2024-11-13,30300.0,0,689.65,KOSDAQ
2024-11-14,30300.0,0,681.56,KOSDAQ
2024-11-15,30300.0,0,685.42,KOSDAQ
2024-11-18,30300.0,0,689.55,KOSDAQ
2024-11-19,30300.0,0,686.12,KOSDAQ
2024-11-20,30300.0,0,682.91,KOSDAQ
2024-11-21,30300.0,0,680.67,KOSDAQ
2024-11-22,25850.0,1,677.01,KOSDAQ
2024-11-25,25850.0,0,696.83,KOSDAQ
2024-11-26,25850.0,0,693.15,KOSDAQ
2024-11-27,25850.0,0,692.0,KOSDAQ
2024-11-28,25850.0,0,694.39,KOSDAQ
2024-11-29,25850.0,0,678.19,KOSDAQ
2024-12-02,25850.0,0,675.84,KOSDAQ
2024-12-03,25850.0,0,690.8,KOSDAQ
2024-12-04,25850.0,0,677.15,KOSDAQ
2024-12-05,25850.0,0,670.94,KOSDAQ
2024-12-06,25850.0,0,661.33,KOSDAQ
2024-12-09,25850.0,0,627.01,KOSDAQ
2024-12-10,25850.0,0,661.59,KOSDAQ
2024-12-11,25850.0,0,675.92,KOSDAQ
2024-12-12,25850.0,0,683.35,KOSDAQ
2024-12-13,25850.0,0,693.73,KOSDAQ
2024-12-16,25850.0,0,698.53,KOSDAQ
2024-12-17,25850.0,0,694.47,KOSDAQ
2024-12-18,25850.0,0,697.57,KOSDAQ
2024-12-19,25850.0,0,684.36,KOSDAQ
2024-12-20,25850.0,0,668.31,KOSDAQ
2024-12-23,25850.0,0,679.24,KOSDAQ
2024-12-24,25850.0,0,680.11,KOSDAQ
2024-12-26,25850.0,0,675.64,KOSDAQ
2024-12-27,25850.0,0,665.97,KOSDAQ
2024-12-30,25850.0,0,678.19,KOSDAQ
2025-01-02,25850.0,0,686.63,KOSDAQ
2025-01-03,22000.0,5,705.76,KOSDAQ
2025-01-06,22000.0,0,717.96,KOSDAQ
2025-01-07,22000.0,0,718.29,KOSDAQ
2025-01-08,22000.0,0,719.63,KOSDAQ
2025-01-09,22000.0,0,723.52,KOSDAQ
2025-01-10,21400.0,100,717.89,KOSDAQ
2025-01-13,22000.0,101,708.21,KOSDAQ
2025-01-14,22000.0,0,718.04,KOSDAQ
2025-01-15,22000.0,0,711.61,KOSDAQ
2025-01-16,22650.0,101,724.24,KOSDAQ
2025-01-17,22000.0,100,724.69,KOSDAQ
2025-01-20,22650.0,101,727.66,KOSDAQ
2025-01-21,22000.0,100,726.07,KOSDAQ
2025-01-22,22650.0,120,732.31,KOSDAQ
2025-01-23,22000.0,100,724.01,KOSDAQ
2025-01-24,21400.0,100,728.74,KOSDAQ
2025-01-31,22000.0,101,728.29,KOSDAQ
2025-02-03,21400.0,112,703.8,KOSDAQ
2025-02-04,21400.0,1,719.92,KOSDAQ
2025-02-05,21950.0,0,730.98,KOSDAQ
2025-02-06,21950.0,101,740.32,KOSDAQ
2025-02-07,21350.0,100,742.9,KOSDAQ
2025-02-10,21950.0,101,749.67,KOSDAQ
2025-02-11,21950.0,75,749.59,KOSDAQ
2025-02-12,21950.0,45,745.18,KOSDAQ
2025-02-13,21950.0,1,749.28,KOSDAQ
2025-02-14,21950.0,101,756.32,KOSDAQ
2025-02-17,21950.0,101,768.48,KOSDAQ
2025-02-18,21350.0,101,773.65,KOSDAQ
2025-02-19,22600.0,1239,778.27,KOSDAQ
2025-02-20,21950.0,100,768.27,KOSDAQ
2025-02-21,21350.0,100,774.65,KOSDAQ
2025-02-24,21350.0,3,773.33,KOSDAQ
2025-02-25,24550.0,381,769.43,KOSDAQ
2025-02-26,25000.0,59,771.41,KOSDAQ
2025-02-27,24900.0,0,770.85,KOSDAQ
2025-02-28,27500.0,102,743.96,KOSDAQ
2025-03-04,23400.0,4,737.9,KOSDAQ
2025-03-05,20050.0,22,746.95,KOSDAQ
2025-03-06,22900.0,74,734.92,KOSDAQ
2025-03-07,20050.0,15,727.7,KOSDAQ
2025-03-10,20500.0,23,725.82,KOSDAQ
2025-03-11,18100.0,3,721.5,KOSDAQ
2025-03-12,18550.0,16,729.49,KOSDAQ
2025-03-13,18050.0,6,722.8,KOSDAQ
2025-03-14,19000.0,127,734.26,KOSDAQ
2025-03-17,18920.0,40,743.51,KOSDAQ
2025-03-18,19450.0,1,745.54,KOSDAQ
2025-03-19,17750.0,108,738.35,KOSDAQ
2025-03-20,19950.0,66,725.15,KOSDAQ
2025-03-21,19960.0,45,719.41,KOSDAQ
2025-03-24,19500.0,6021,720.22,KOSDAQ
2025-03-25,18500.0,1261,711.26,KOSDAQ
2025-03-26,18600.0,262,716.48,KOSDAQ
2025-03-27,19200.0,359,707.49,KOSDAQ
2025-03-28,19510.0,1411,693.76,KOSDAQ
2025-03-31,19850.0,4,672.85,KOSDAQ
2025-04-01,19780.0,28,691.45,KOSDAQ
2025-04-02,19700.0,714,684.85,KOSDAQ
2025-04-03,19590.0,2237,683.49,KOSDAQ
2025-04-04,16100.0,36839523,687.39,KOSDAQ
2025-04-07,13870.0,7459059,651.3,KOSDAQ
2025-04-08,13190.0,6156335,658.45,KOSDAQ
2025-04-09,15740.0,14983531,643.39,KOSDAQ
2025-04-10,16300.0,10512739,681.79,KOSDAQ
2025-04-11,15480.0,3511180,695.59,KOSDAQ
2025-04-14,14380.0,1379969,708.98,KOSDAQ
2025-04-15,18690.0,9985616,711.92,KOSDAQ
2025-04-16,20300.0,15106401,699.11,KOSDAQ
2025-04-17,20350.0,2864935,711.75,KOSDAQ
2025-04-18,19310.0,2499803,717.77,KOSDAQ
2025-04-21,18220.0,3303404,715.45,KOSDAQ
2025-04-22,17310.0,1179345,716.12,KOSDAQ
2025-04-23,17410.0,7036712,726.08,KOSDAQ
2025-04-24,16750.0,1629744,726.08,KOSDAQ
2025-04-25,16090.0,813702,729.69,KOSDAQ
2025-04-28,15180.0,514300,719.41,KOSDAQ
2025-04-29,15240.0,450132,726.46,KOSDAQ
2025-04-30,14210.0,492127,717.24,KOSDAQ
2025-05-02,13840.0,267946,721.86,KOSDAQ
2025-05-07,14550.0,504239,722.81,KOSDAQ
2025-05-08,17250.0,3670692,729.59,KOSDAQ
2025-05-09,17550.0,1057617,722.52,KOSDAQ
2025-05-12,16700.0,453289,725.4,KOSDAQ
2025-05-13,18500.0,6154941,731.88,KOSDAQ
2025-05-14,17750.0,3439895,739.05,KOSDAQ
2025-05-15,17460.0,1491977,733.23,KOSDAQ
2025-05-16,19800.0,10923235,725.07,KOSDAQ
2025-05-19,19680.0,2302099,713.75,KOSDAQ
2025-05-20,19080.0,1202210,715.55,KOSDAQ
2025-05-21,20050.0,2499600,723.62,KOSDAQ
2025-05-22,18180.0,596313,717.67,KOSDAQ
2025-05-23,18000.0,356005,715.98,KOSDAQ
2025-05-26,17530.0,247350,725.27,KOSDAQ
2025-05-27,17630.0,1171558,727.11,KOSDAQ
2025-05-28,17630.0,470717,728.79,KOSDAQ
2025-05-29,17250.0,339576,736.29,KOSDAQ
2025-05-30,16140.0,696896,734.35,KOSDAQ
2025-06-02,16050.0,162639,740.29,KOSDAQ
2025-06-04,16590.0,226562,750.21,KOSDAQ
2025-06-05,16300.0,315944,756.23,KOSDAQ
2025-06-09,16040.0,194451,764.21,KOSDAQ
2025-06-10,16060.0,345654,771.2,KOSDAQ
2025-06-11,16740.0,1067153,786.29,KOSDAQ
2025-06-12,16480.0,246401,789.45,KOSDAQ
2025-06-13,15240.0,335762,768.86,KOSDAQ
2025-06-16,14980.0,154095,777.26,KOSDAQ
2025-06-17,15110.0,252968,775.65,KOSDAQ
2025-06-18,16280.0,624582,779.73,KOSDAQ
2025-06-19,16750.0,386623,782.51,KOSDAQ
2025-06-20,16120.0,182384,791.53,KOSDAQ
2025-06-23,16550.0,320422,784.79,KOSDAQ
2025-06-24,16530.0,347673,800.93,KOSDAQ
2025-06-25,16030.0,324921,798.21,KOSDAQ
2025-06-26,15260.0,148238,787.95,KOSDAQ
2025-06-27,15260.0,79255,781.56,KOSDAQ
2025-06-30,15100.0,53985,781.5,KOSDAQ
2025-07-01,14640.0,146185,783.67,KOSDAQ
2025-07-02,14350.0,345236,782.17,KOSDAQ
2025-07-03,14190.0,101520,793.33,KOSDAQ
2025-07-04,14050.0,220766,775.8,KOSDAQ
2025-07-07,14050.0,60597,778.46,KOSDAQ
2025-07-08,14000.0,66144,784.24,KOSDAQ
2025-07-09,13830.0,128558,790.36,KOSDAQ
2025-07-10,13810.0,110298,797.7,KOSDAQ
2025-07-11,13860.0,55705,800.47,KOSDAQ
2025-07-14,13400.0,113379,799.37,KOSDAQ
2025-07-15,13490.0,83516,812.88,KOSDAQ
2025-07-16,13100.0,123380,812.23,KOSDAQ
2025-07-17,13410.0,73000,818.27,KOSDAQ
2025-07-18,13210.0,59980,820.67,KOSDAQ
2025-07-21,13240.0,41336,821.69,KOSDAQ
2025-07-22,13620.0,1058523,812.97,KOSDAQ
2025-07-23,13020.0,194512,813.56,KOSDAQ
2025-07-24,12500.0,203840,809.89,KOSDAQ
2025-07-25,12640.0,162619,806.95,KOSDAQ
2025-07-28,12490.0,60393,804.4,KOSDAQ
2025-07-29,12380.0,52470,804.45,KOSDAQ
2025-07-30,12400.0,39481,803.67,KOSDAQ
2025-07-31,12730.0,72749,805.24,KOSDAQ
2025-08-01,12200.0,81972,772.79,KOSDAQ
2025-08-04,12370.0,63652,784.06,KOSDAQ
2025-08-05,12500.0,58542,798.6,KOSDAQ
2025-08-06,12790.0,53872,803.49,KOSDAQ
2025-08-07,13320.0,181344,805.81,KOSDAQ
2025-08-08,13010.0,72726,809.27,KOSDAQ
2025-08-11,13070.0,36093,811.85,KOSDAQ
2025-08-12,12740.0,65560,807.19,KOSDAQ
2025-08-13,12800.0,266860,814.1,KOSDAQ
2025-08-14,12860.0,59505,815.26,KOSDAQ
2025-08-18,12110.0,69035,798.05,KOSDAQ
2025-08-19,12160.0,50969,787.96,KOSDAQ
2025-08-20,11640.0,61555,777.61,KOSDAQ
2025-08-21,11520.0,68472,777.24,KOSDAQ
2025-08-22,11700.0,37682,782.51,KOSDAQ
2025-08-25,12170.0,103403,798.02,KOSDAQ
2025-08-26,12790.0,213361,801.66,KOSDAQ
2025-08-27,12110.0,117910,801.72,KOSDAQ
2025-08-28,12080.0,102883,798.43,KOSDAQ
2025-08-29,11840.0,49642,796.91,KOSDAQ
2025-09-01,11500.0,57794,785.0,KOSDAQ
2025-09-02,11750.0,46692,794.0,KOSDAQ
2025-09-03,11440.0,71661,796.81,KOSDAQ
2025-09-04,11460.0,84846,805.42,KOSDAQ
2025-09-05,11990.0,100889,811.4,KOSDAQ
2025-09-08,13240.0,2826735,818.6,KOSDAQ
2025-09-09,13730.0,1278290,824.82,KOSDAQ
2025-09-10,13620.0,343060,833.0,KOSDAQ
2025-09-11,13670.0,958962,834.76,KOSDAQ
2025-09-12,14200.0,584117,847.08,KOSDAQ
2025-09-15,14350.0,632988,852.69,KOSDAQ
2025-09-16,14300.0,297215,851.84,KOSDAQ
2025-09-17,13920.0,162325,845.53,KOSDAQ
2025-09-18,14000.0,168977,857.11,KOSDAQ
2025-09-19,14150.0,441106,863.11,KOSDAQ
2025-09-22,14170.0,173582,874.36,KOSDAQ
2025-09-23,16250.0,6881233,872.21,KOSDAQ
2025-09-24,17000.0,5166206,860.94,KOSDAQ
2025-09-25,16450.0,737923,852.48,KOSDAQ
2025-09-26,16770.0,1186243,835.19,KOSDAQ
2025-09-29,19410.0,5239370,846.71,KOSDAQ
2025-09-30,19970.0,1575441,841.99,KOSDAQ
2025-10-01,25950.0,4288541,845.34,KOSDAQ
2025-10-02,26500.0,4814262,854.25,KOSDAQ
2025-10-10,27650.0,2407290,859.49,KOSDAQ
2025-10-13,24550.0,805724,860.49,KOSDAQ
2025-10-14,22150.0,966179,847.96,KOSDAQ
2025-10-15,24200.0,622535,864.72,KOSDAQ
2025-10-16,23700.0,411298,865.41,KOSDAQ
2025-10-17,22000.0,373196,859.54,KOSDAQ
2025-10-20,24150.0,447293,875.77,KOSDAQ
2025-10-21,23050.0,242201,872.5,KOSDAQ
2025-10-22,25000.0,384076,879.15,KOSDAQ
2025-10-23,25950.0,341576,872.03,KOSDAQ
2025-10-24,27700.0,475517,883.08,KOSDAQ
2025-10-27,28750.0,420129,902.7,KOSDAQ
2025-10-28,28800.0,288362,903.3,KOSDAQ
2025-10-29,28800.0,340671,901.59,KOSDAQ
2025-10-30,26700.0,448745,890.86,KOSDAQ
2025-10-31,34700.0,2742822,900.42,KOSDAQ
2025-11-03,38250.0,5070432,914.55,KOSDAQ
2025-11-04,36900.0,453242,926.57,KOSDAQ
2025-11-05,32500.0,510499,901.89,KOSDAQ
2025-11-06,30050.0,330907,898.17,KOSDAQ
2025-11-07,31800.0,439484,876.81,KOSDAQ
2025-11-10,32850.0,202120,888.35,KOSDAQ
2025-11-11,31500.0,168668,884.27,KOSDAQ
2025-11-12,33000.0,142875,906.51,KOSDAQ
2025-11-13,34750.0,243293,918.37,KOSDAQ
2025-11-14,34100.0,215632,897.9,KOSDAQ
2025-11-17,36800.0,196442,902.67,KOSDAQ
2025-11-18,37800.0,275107,878.7,KOSDAQ
2025-11-19,36550.0,1060805,871.32,KOSDAQ
2025-11-20,40600.0,1054968,891.94,KOSDAQ
2025-11-21,47950.0,2808632,863.95,KOSDAQ
2025-11-24,44000.0,651478,856.44,KOSDAQ
2025-11-25,40150.0,802921,856.03,KOSDAQ
2025-11-26,42000.0,753237,877.32,KOSDAQ
2025-11-27,44150.0,1045312,880.06,KOSDAQ
2025-11-28,53300.0,2079734,912.67,KOSDAQ
2025-12-01,60000.0,1129535,922.38,KOSDAQ
2025-12-02,64000.0,940833,928.42,KOSDAQ
2025-12-03,62600.0,670539,932.01,KOSDAQ
2025-12-04,66900.0,1166510,929.83,KOSDAQ
2025-12-05,65100.0,367197,924.74,KOSDAQ
2025-12-08,60300.0,445952,927.79,KOSDAQ
2025-12-09,60800.0,283021,931.35,KOSDAQ
2025-12-10,57800.0,306644,935.0,KOSDAQ
2025-12-11,56800.0,681624,934.64,KOSDAQ
2025-12-12,60500.0,599608,937.34,KOSDAQ
2025-12-15,61300.0,425390,938.83,KOSDAQ
2025-12-16,58600.0,284766,916.11,KOSDAQ
2025-12-17,57200.0,572553,911.07,KOSDAQ
2025-12-18,52500.0,543404,901.33,KOSDAQ
2025-12-19,49800.0,560778,915.27,KOSDAQ
2025-12-22,50600.0,418017,929.14,KOSDAQ
2025-12-23,47700.0,370028,919.56,KOSDAQ
2025-12-24,47200.0,325957,915.2,KOSDAQ
2025-12-26,46600.0,258235,919.67,KOSDAQ
2025-12-29,46400.0,395827,932.59,KOSDAQ
2025-12-30,43800.0,360239,925.47,KOSDAQ
2026-01-02,51600.0,500923,945.57,KOSDAQ
2026-01-05,51200.0,315918,957.5,KOSDAQ
2026-01-06,52000.0,410145,955.97,KOSDAQ
2026-01-07,54300.0,492065,947.39,KOSDAQ
2026-01-08,58500.0,586670,944.06,KOSDAQ
2026-01-09,63900.0,556384,947.92,KOSDAQ
2026-01-12,72500.0,588631,949.81,KOSDAQ
2026-01-13,73700.0,343022,948.98,KOSDAQ
2026-01-14,65800.0,488271,942.18,KOSDAQ
2026-01-15,85500.0,1692759,951.16,KOSDAQ
2026-01-16,81000.0,555726,954.59,KOSDAQ
2026-01-19,83100.0,471450,968.36,KOSDAQ
2026-01-20,77200.0,341345,976.37,KOSDAQ
2026-01-21,78800.0,255864,951.29,KOSDAQ
2026-01-22,70100.0,269283,970.35,KOSDAQ
2026-01-23,68900.0,98795,993.93,KOSDAQ
2026-01-26,69500.0,139732,1064.41,KOSDAQ
2026-01-27,70300.0,108895,1082.59,KOSDAQ
2026-01-28,73900.0,259974,1133.52,KOSDAQ
2026-01-29,73000.0,161585,1164.41,KOSDAQ
2026-01-30,72700.0,125811,1149.44,KOSDAQ
2026-02-02,65000.0,117346,1098.36,KOSDAQ
2026-02-03,68500.0,69733,1144.33,KOSDAQ
2026-02-04,64000.0,141683,1149.43,KOSDAQ
2026-02-05,60500.0,68953,1108.41,KOSDAQ
2026-02-06,62200.0,248234,1080.77,KOSDAQ
2026-02-09,74400.0,455659,1127.55,KOSDAQ
2026-02-10,75700.0,195270,1115.2,KOSDAQ
2026-02-11,75500.0,143201,1114.87,KOSDAQ
2026-02-12,76000.0,102298,1125.99,KOSDAQ
2026-02-13,71700.0,120714,1106.08,KOSDAQ
2026-02-19,80200.0,256579,1160.71,KOSDAQ
2026-02-20,77100.0,69416,1154.0,KOSDAQ
2026-02-23,80200.0,216456,1151.99,KOSDAQ
2026-02-24,93000.0,398054,1165.0,KOSDAQ
2026-02-25,106000.0,299247,1165.25,KOSDAQ
2026-02-26,125000.0,470332,1188.15,KOSDAQ
2026-02-27,126700.0,124358,1192.78,KOSDAQ
2026-03-03,123500.0,126081,1137.7,KOSDAQ
2026-03-04,101500.0,223547,978.44,KOSDAQ
2026-03-05,123900.0,178622,1116.41,KOSDAQ
2026-03-06,150000.0,344307,1154.67,KOSDAQ
2026-03-09,135000.0,190787,1102.28,KOSDAQ
2026-03-10,169900.0,413732,1137.68,KOSDAQ
2026-03-11,137000.0,650187,1136.83,KOSDAQ
2026-03-12,128700.0,451619,1148.4,KOSDAQ
2026-03-13,120000.0,410203,1152.96,KOSDAQ
2026-03-16,112500.0,261450,1138.29,KOSDAQ
2026-03-17,111000.0,283817,1136.94,KOSDAQ
2026-03-18,109400.0,244757,1164.38,KOSDAQ
2026-03-19,118500.0,272081,1143.48,KOSDAQ
2026-03-20,120700.0,159042,1161.52,KOSDAQ
2026-03-23,97800.0,173658,1096.89,KOSDAQ
2026-03-24,105000.0,176508,1121.44,KOSDAQ
2026-03-25,121900.0,240693,1159.55,KOSDAQ
2026-03-26,124500.0,150356,1136.64,KOSDAQ
2026-03-27,121000.0,81504,1141.51,KOSDAQ
2026-03-30,106500.0,85099,1107.05,KOSDAQ
2026-03-31,107500.0,137917,1052.39,KOSDAQ
2026-04-01,113600.0,91719,1116.18,KOSDAQ
2026-04-02,110700.0,115944,1056.34,KOSDAQ
2026-04-03,102000.0,176448,1063.75,KOSDAQ
2026-04-06,88800.0,332984,1047.37,KOSDAQ
2026-04-07,85900.0,110854,1036.73,KOSDAQ
2026-04-08,93000.0,164953,1089.85,KOSDAQ
2026-04-09,87400.0,100227,1076.0,KOSDAQ
2026-04-10,87700.0,131189,1093.63,KOSDAQ
2026-04-13,81500.0,139037,1099.84,KOSDAQ
2026-04-14,91000.0,179249,1121.88,KOSDAQ
2026-04-15,93300.0,168069,1152.43,KOSDAQ
2026-04-16,104000.0,317819,1162.97,KOSDAQ
2026-04-17,107100.0,181994,1170.04,KOSDAQ
2026-04-20,109600.0,155838,1174.85,KOSDAQ
2026-04-21,106800.0,228802,1179.03,KOSDAQ
2026-04-22,99800.0,200872,1181.12,KOSDAQ
2026-04-23,90400.0,221494,1174.31,KOSDAQ
2026-04-24,91700.0,122269,1203.84,KOSDAQ
2026-04-27,99900.0,283957,1226.18,KOSDAQ
2026-04-28,97700.0,125081,1215.58,KOSDAQ
2026-04-29,101300.0,316102,1220.26,KOSDAQ
2026-04-30,107700.0,338101,1192.35,KOSDAQ
2026-05-04,127900.0,413715,1213.74,KOSDAQ
2026-05-06,117000.0,276838,1210.17,KOSDAQ
2026-05-07,121000.0,248520,1199.18,KOSDAQ
2026-05-08,137600.0,671932,1207.72,KOSDAQ
2026-05-11,128900.0,663885,1207.34,KOSDAQ
2026-05-12,116900.0,403336,1179.29,KOSDAQ
2026-05-13,122000.0,241616,1176.93,KOSDAQ
2026-05-14,116300.0,162085,1191.09,KOSDAQ
2026-05-15,107000.0,184185,1129.82,KOSDAQ
2026-05-18,96400.0,193011,1111.09,KOSDAQ
2026-05-19,84100.0,219475,1084.36,KOSDAQ
2026-05-20,78500.0,303604,1056.07,KOSDAQ
2026-05-21,98000.0,324702,1105.97,KOSDAQ
2026-05-22,106700.0,196169,1161.13,KOSDAQ
2026-05-26,108100.0,144942,1172.52,KOSDAQ
2026-05-27,102900.0,133430,1133.13,KOSDAQ
2026-05-28,99000.0,141991,1104.36,KOSDAQ
2026-05-29,102100.0,241627,1074.8,KOSDAQ
2026-06-01,93900.0,229405,1050.03,KOSDAQ
2026-06-02,95500.0,125004,1026.03,KOSDAQ
2026-06-04,90600.0,80714,1049.73,KOSDAQ
2026-06-05,79800.0,121073,1002.44,KOSDAQ
2026-06-08,68800.0,120305,911.39,KOSDAQ
2026-06-09,72500.0,86095,967.81,KOSDAQ
2026-06-10,78500.0,164503,951.63,KOSDAQ
2026-06-11,77500.0,112111,996.93,KOSDAQ
2026-06-12,84800.0,218052,1029.05,KOSDAQ
2026-06-15,83400.0,58323,1034.03,KOSDAQ
2026-06-16,88500.0,89449,1018.68,KOSDAQ
2026-06-17,83900.0,60489,1031.96,KOSDAQ
2026-06-18,77300.0,64796,1000.93,KOSDAQ
2026-06-19,75500.0,92670,966.59,KOSDAQ
2026-06-22,70300.0,67075,968.4,KOSDAQ
2026-06-23,59100.0,177339,891.52,KOSDAQ
2026-06-24,59100.0,111076,909.31,KOSDAQ
2026-06-25,57400.0,84926,887.81,KOSDAQ
2026-06-26,52500.0,94883,851.37,KOSDAQ
2026-06-29,58500.0,61423,920.57,KOSDAQ
2026-06-30,58300.0,50669,916.18,KOSDAQ
2026-07-01,57000.0,63708,929.35,KOSDAQ
2026-07-02,52200.0,52728,866.72,KOSDAQ
2026-07-03,52800.0,54524,868.41,KOSDAQ
2026-07-06,53600.0,39997,847.07,KOSDAQ
2026-07-07,50200.0,51629,831.23,KOSDAQ
2026-07-08,45350.0,63468,785.0,KOSDAQ
2026-07-09,46000.0,50816,794.0,KOSDAQ
2026-07-10,51200.0,50710,837.43,KOSDAQ
2026-07-13,47850.0,78028,799.36,KOSDAQ
2026-07-14,47200.0,49093,783.98,KOSDAQ
2026-07-15,49500.0,31195,829.43,KOSDAQ
2026-07-16,43400.0,46931,791.84,KOSDAQ
2026-07-20,40050.0,37951,749.64,KOSDAQ
2026-07-21,42900.0,55268,753.34,KOSDAQ
2026-07-22,50100.0,197688,751.09,KOSDAQ
2026-07-23,52500.0,133775,790.28,KOSDAQ
2026-07-24,46350.0,71824,748.22,KOSDAQ
2026-07-27,53000.0,155302,764.86,KOSDAQ
2026-07-28,51300.0,172269,705.85,KOSDAQ
2026-07-29,55800.0,309405,662.68,KOSDAQ
2026-07-30,44000.0,178404,644.78,KOSDAQ
2026-07-31,51300.0,122430,719.76,KOSDAQ
2026-08-03,60200.0,298372,737.35,KOSDAQ
2026-08-04,63500.0,154505,780.72,KOSDAQ
2026-08-05,65200.0,88246,799.59,KOSDAQ
2026-08-06,66300.0,137175,801.67,KOSDAQ
2026-08-07,64200.0,64290,798.81,KOSDAQ
2026-08-10,70200.0,100171,854.47,KOSDAQ
2026-08-11,65300.0,57355,857.84,KOSDAQ
2026-08-12,65300.0,100205,858.91,KOSDAQ
2026-08-13,63000.0,68898,861.37,KOSDAQ
2026-08-14,72600.0,266746,864.65,KOSDAQ
2026-08-18,61000.0,196905,834.2,KOSDAQ
2026-08-19,58600.0,84211,824.46,KOSDAQ
2026-08-20,57900.0,63826,840.89,KOSDAQ
2026-08-21,52700.0,107640,801.94,KOSDAQ
2026-08-24,50600.0,74221,813.33,KOSDAQ
2026-08-25,51200.0,60733,827.15,KOSDAQ
2026-08-26,50600.0,44059,826.87,KOSDAQ
2026-08-27,48050.0,136907,837.65,KOSDAQ
2026-08-28,47500.0,74151,838.41,KOSDAQ
2026-08-31,50600.0,89889,834.29,KOSDAQ
2026-09-01,49900.0,44181,821.25,KOSDAQ
2026-09-02,46150.0,86866,803.98,KOSDAQ
2026-09-03,45550.0,38666,790.21,KOSDAQ
2026-09-04,50200.0,114473,813.5,KOSDAQ
2026-09-07,49550.0,102457,822.19,KOSDAQ
